Name,ID,Location,Shift Start Date,Shift Start Time,Shift End Time,Shift End Date
Aaron Blake,100001,Terminal 1,16/09/2024,03:50,13:30,16/09/2024
Aaron Blake,100001,Terminal 1,17/09/2024,03:50,13:30,17/09/2024
Abigail Franklin,100002,Terminal 2,17/09/2024,03:50,13:30,17/09/2024
Adam Sullivan,100003,Terminal 1,15/09/2024,03:50,13:00,15/09/2024
Addison Matthews,100004,Terminal 1,15/09/2024,13:50,21:00,15/09/2024
Adrian Wells,100005,Terminal 1,15/09/2024,13:20,21:30,15/09/2024
Aiden Greene,100006,Terminal 1,15/09/2024,13:50,22:00,15/09/2024
Alexa Collins,100007,Terminal 1,14/09/2024,20:50,07:00,15/09/2024
Alexa Collins,100007,Terminal 1,15/09/2024,20:50,07:00,16/09/2024
Alexander Hart,100008,Terminal 2,15/09/2024,09:50,20:00,15/09/2024
Alexander Hart,100008,Terminal 2,16/09/2024,09:50,20:00,16/09/2024
Alexander Hart,100008,Terminal 2,17/09/2024,09:50,20:00,17/09/2024
Alexis Ramirez,100009,Terminal 1,15/09/2024,03:50,14:00,15/09/2024
Alexis Ramirez,100009,Terminal 1,16/09/2024,03:50,13:30,16/09/2024
Alice Morgan,100010,Terminal 2,15/09/2024,03:50,14:00,15/09/2024
Alicia Shaw,100011,Terminal 1,17/09/2024,13:50,21:00,17/09/2024
Alison Kennedy,100012,Terminal 1,15/09/2024,12:50,22:30,15/09/2024
Allen Campbell,100013,Terminal 1,15/09/2024,03:20,13:00,15/09/2024
Amanda Barnes,100014,Terminal 1,15/09/2024,22:00,08:00,16/09/2024
Amanda Barnes,100014,Terminal 1,16/09/2024,21:00,07:00,17/09/2024
Amanda Barnes,100014,Terminal 1,17/09/2024,21:00,07:00,18/09/2024
Amber Reyes,100015,Terminal 1,15/09/2024,05:50,17:00,15/09/2024
Amber Reyes,100015,Terminal 1,16/09/2024,05:50,17:00,16/09/2024
Amber Reyes,100015,Terminal 1,17/09/2024,06:50,17:00,17/09/2024
Amy Spencer,100016,Terminal 1,15/09/2024,13:50,21:00,15/09/2024
Andrea Foster,100017,Terminal 1,15/09/2024,06:50,18:00,15/09/2024
Andrew Lawson,100018,Terminal 1,15/09/2024,03:50,14:00,15/09/2024
Angela Bishop,100019,Terminal 1,16/09/2024,06:50,16:00,16/09/2024
Angelica Stone,100020,Terminal 1,15/09/2024,06:50,18:00,15/09/2024
Anna Foster,100021,Terminal 1,15/09/2024,03:50,14:00,15/09/2024
Anna Foster,100021,Terminal 1,16/09/2024,03:50,14:00,16/09/2024
Anna Foster,100021,Terminal 1,17/09/2024,03:50,14:00,17/09/2024
Anthony Reed,100022,Terminal 1,15/09/2024,12:50,22:00,15/09/2024
Anthony Reed,100022,Terminal 1,16/09/2024,12:50,22:00,16/09/2024
Anthony Reed,100022,Terminal 1,17/09/2024,12:50,22:00,17/09/2024
April Harmon,100023,Terminal 1,15/09/2024,04:50,14:30,15/09/2024
April Harmon,100023,Terminal 1,16/09/2024,04:50,15:00,16/09/2024
Arthur Burns,100024,Terminal 2,17/09/2024,03:50,13:30,17/09/2024
Ashley Ford,100025,Terminal 1,16/09/2024,08:00,17:00,16/09/2024
Ashley Ford,100025,Terminal 1,17/09/2024,08:00,17:00,17/09/2024
Ashton Powell,100026,Terminal 1,15/09/2024,03:50,14:00,15/09/2024
Audrey Stevens,100027,Terminal 2,15/09/2024,09:50,20:00,15/09/2024
Audrey Stevens,100027,Terminal 2,17/09/2024,08:50,19:00,17/09/2024
Austin Blake,100028,Terminal 1,15/09/2024,12:50,22:30,15/09/2024
Austin Blake,100028,Terminal 1,16/09/2024,12:50,22:30,16/09/2024
Ava Brooks,100029,Terminal 2,16/09/2024,03:50,14:00,16/09/2024
Ava Brooks,100029,Terminal 2,17/09/2024,03:50,14:00,17/09/2024
Avery Mitchell,100030,Terminal 2,17/09/2024,08:50,19:00,17/09/2024
Bailey Webb,100031,Terminal 2,17/09/2024,08:50,19:00,17/09/2024
Barbara Gregory,100032,Terminal 1,15/09/2024,13:50,21:00,15/09/2024
Benjamin Price,100033,Terminal 2,14/09/2024,18:50,07:00,15/09/2024
Benjamin Price,100033,Terminal 2,15/09/2024,18:50,07:00,16/09/2024
Bethany Hunt,100034,Terminal 1,15/09/2024,03:50,14:00,15/09/2024
Bianca Caldwell,100035,Terminal 1,14/09/2024,20:50,07:00,15/09/2024
Bianca Caldwell,100035,Terminal 1,17/09/2024,18:50,07:00,18/09/2024
Blake Armstrong,100036,Terminal 1,15/09/2024,13:50,21:00,15/09/2024
Brandon Ray,100037,Terminal 2,16/09/2024,12:20,21:00,16/09/2024
Brandon Ray,100037,Terminal 2,17/09/2024,12:20,21:00,17/09/2024
Brenda Ellis,100038,Terminal 2,15/09/2024,13:50,21:00,15/09/2024
Brenda Ellis,100038,Terminal 2,16/09/2024,10:50,21:00,16/09/2024
Brenda Ellis,100038,Terminal 2,17/09/2024,10:50,21:00,17/09/2024
Brian Elliott,100039,Terminal 1,16/09/2024,03:50,13:00,16/09/2024
Brian Elliott,100039,Terminal 1,17/09/2024,03:50,13:00,17/09/2024
Brittany Wade,100040,Terminal 2,15/09/2024,08:50,19:00,15/09/2024
Bruce Bryant,100041,Terminal 1,15/09/2024,13:50,21:00,15/09/2024
Bryan Davis,100042,Terminal 2,14/09/2024,18:50,07:00,15/09/2024
Bryan Davis,100042,Terminal 2,15/09/2024,18:50,07:00,16/09/2024
Bryan Davis,100042,Terminal 2,16/09/2024,18:50,07:00,17/09/2024
Caitlyn Ryan,100043,Terminal 1,16/09/2024,08:00,17:00,16/09/2024
Caitlyn Ryan,100043,Terminal 1,17/09/2024,08:00,17:00,17/09/2024
Caleb Torres,100044,Terminal 2,17/09/2024,03:50,14:00,17/09/2024
Cameron King,100045,Terminal 1,17/09/2024,03:50,13:30,17/09/2024
Candice Webb,100046,Terminal 1,15/09/2024,11:50,21:00,15/09/2024
Candice Webb,100046,Terminal 1,16/09/2024,12:20,21:00,16/09/2024
Carl Perkins,100047,Terminal 2,15/09/2024,09:50,20:00,15/09/2024
Carl Perkins,100047,Terminal 2,16/09/2024,08:50,19:00,16/09/2024
Carla Peterson,100048,Terminal 1,14/09/2024,18:50,07:00,15/09/2024
Carla Peterson,100048,Terminal 1,15/09/2024,18:50,07:00,16/09/2024
Carlos Brown,100049,Terminal 1,15/09/2024,05:50,17:00,15/09/2024
Carlos Brown,100049,Terminal 1,16/09/2024,05:50,17:00,16/09/2024
Carlos Brown,100049,Terminal 1,17/09/2024,06:50,17:00,17/09/2024
Carmen Walker,100050,Terminal 1,15/09/2024,04:50,15:00,15/09/2024
Carmen Walker,100050,Terminal 1,16/09/2024,04:50,15:00,16/09/2024
Carmen Walker,100050,Terminal 1,17/09/2024,04:50,15:00,17/09/2024
Caroline Reed,100051,Terminal 1,15/09/2024,03:50,14:00,15/09/2024
Casey Knight,100052,Terminal 1,16/09/2024,12:50,22:00,16/09/2024
Casey Knight,100052,Terminal 1,17/09/2024,12:50,22:00,17/09/2024
Cassandra Ross,100053,Terminal 1,15/09/2024,12:50,22:00,15/09/2024
Cassandra Ross,100053,Terminal 1,17/09/2024,08:50,19:00,17/09/2024
Catherine Hughes,100054,Terminal 1,15/09/2024,12:50,22:00,15/09/2024
Catherine Hughes,100054,Terminal 1,16/09/2024,12:50,22:00,16/09/2024
Catherine Hughes,100054,Terminal 1,17/09/2024,12:50,22:00,17/09/2024
Charlotte Simmons,100055,Terminal 1,16/09/2024,08:00,17:00,16/09/2024
Charlotte Simmons,100055,Terminal 1,17/09/2024,08:00,17:00,17/09/2024
Chase Stevens,100056,Terminal 1,15/09/2024,03:20,11:30,15/09/2024
Chelsea Harper,100057,Terminal 1,16/09/2024,03:20,12:00,16/09/2024
Cheryl Hamilton,100058,Terminal 1,15/09/2024,03:50,13:00,15/09/2024
Chloe Griffin,100059,Terminal 1,15/09/2024,03:20,11:30,15/09/2024
Chloe Griffin,100059,Terminal 1,17/09/2024,07:00,16:00,17/09/2024
Chris Brooks,100060,Terminal 1,15/09/2024,03:50,14:00,15/09/2024
Christian Weaver,100061,Terminal 1,16/09/2024,03:50,14:00,16/09/2024
Christian Weaver,100061,Terminal 1,17/09/2024,03:50,14:00,17/09/2024
Christina Riley,100062,Terminal 1,15/09/2024,08:50,19:00,15/09/2024
Christopher Long,100063,Terminal 1,15/09/2024,03:50,14:00,15/09/2024
Christopher Long,100063,Terminal 1,16/09/2024,03:50,14:00,16/09/2024
Cindy Mitchell,100064,Terminal 2,16/09/2024,03:50,12:00,16/09/2024
Cindy Mitchell,100064,Terminal 2,17/09/2024,03:50,12:00,17/09/2024
Claire Butler,100065,Terminal 2,16/09/2024,03:50,14:00,16/09/2024
Clara Moore,100066,Terminal 1,17/09/2024,07:50,18:00,17/09/2024
Clayton Powell,100067,Terminal 2,16/09/2024,08:50,19:00,16/09/2024
Clayton Powell,100067,Terminal 2,17/09/2024,08:50,19:00,17/09/2024
Clifford Hayes,100068,Terminal 1,16/09/2024,03:50,12:00,16/09/2024
Clifford Hayes,100068,Terminal 1,17/09/2024,03:50,14:00,17/09/2024
Cody Shaw,100069,Terminal 2,16/09/2024,03:50,12:00,16/09/2024
Cody Shaw,100069,Terminal 2,17/09/2024,03:50,14:00,17/09/2024
Cole Perkins,100070,Terminal 1,15/09/2024,13:50,23:00,15/09/2024
Cole Perkins,100070,Terminal 1,16/09/2024,13:50,23:00,16/09/2024
Cole Perkins,100070,Terminal 1,17/09/2024,14:00,20:00,17/09/2024
Colin Dixon,100071,Terminal 1,17/09/2024,03:50,13:00,17/09/2024
Connie Foster,100072,Terminal 1,16/09/2024,04:50,15:00,16/09/2024
Connie Foster,100072,Terminal 1,17/09/2024,04:50,15:00,17/09/2024
Cooper Murphy,100073,Terminal 1,16/09/2024,05:00,17:00,16/09/2024
Cooper Murphy,100073,Terminal 1,17/09/2024,05:00,17:00,17/09/2024
Corey Bishop,100074,Terminal 1,15/09/2024,03:50,14:00,15/09/2024
Craig Daniels,100075,Terminal 1,17/09/2024,03:20,12:30,17/09/2024
Crystal Henderson,100076,Terminal 1,17/09/2024,20:20,06:30,18/09/2024
Crystal Henderson,100076,Terminal 1,16/09/2024,03:50,13:30,16/09/2024
Crystal Henderson,100076,Terminal 1,17/09/2024,04:50,14:30,17/09/2024
Curtis James,100077,Terminal 1,15/09/2024,12:50,22:00,15/09/2024
Curtis James,100077,Terminal 1,16/09/2024,12:50,22:00,16/09/2024
Curtis James,100077,Terminal 1,17/09/2024,12:50,22:00,17/09/2024
Cynthia Rivera,100078,Terminal 2,15/09/2024,11:50,21:00,15/09/2024
Dana Russell,100079,Terminal 1,16/09/2024,05:50,16:00,16/09/2024
Dana Russell,100079,Terminal 1,17/09/2024,05:50,14:00,17/09/2024
Daniel Anderson,100080,Terminal 1,16/09/2024,03:50,14:00,16/09/2024
Daniel Anderson,100080,Terminal 1,17/09/2024,03:50,14:00,17/09/2024
Danielle Owens,100081,Terminal 1,16/09/2024,03:50,13:30,16/09/2024
Danielle Owens,100081,Terminal 1,17/09/2024,03:50,13:30,17/09/2024
Darlene West,100082,Terminal 1,15/09/2024,03:20,11:30,15/09/2024
Darlene West,100082,Terminal 1,16/09/2024,03:20,09:30,16/09/2024
Darlene West,100082,Terminal 1,17/09/2024,07:00,13:00,17/09/2024
David Coleman,100083,Terminal 2,15/09/2024,03:50,14:00,15/09/2024
David Coleman,100083,Terminal 2,16/09/2024,03:50,14:00,16/09/2024
Dawn Tucker,100084,Terminal 2,14/09/2024,18:50,07:00,15/09/2024
Dawn Tucker,100084,Terminal 2,15/09/2024,18:50,07:00,16/09/2024
Dawn Tucker,100084,Terminal 2,16/09/2024,18:50,07:00,17/09/2024
Dawn Tucker,100084,Terminal 2,17/09/2024,18:50,07:00,18/09/2024
Deanna Hudson,100085,Terminal 1,15/09/2024,03:50,14:00,15/09/2024
Deborah Foster,100086,Terminal 1,15/09/2024,13:20,21:30,15/09/2024
Debra Fuller,100087,Terminal 1,16/09/2024,13:50,20:00,16/09/2024
Debra Fuller,100087,Terminal 1,17/09/2024,13:50,20:00,17/09/2024
Dennis Griffin,100088,Terminal 2,16/09/2024,10:50,21:00,16/09/2024
Dennis Griffin,100088,Terminal 2,17/09/2024,10:50,21:00,17/09/2024
Derek Hayes,100089,Terminal 1,15/09/2024,12:50,22:00,15/09/2024
Derek Hayes,100089,Terminal 1,16/09/2024,12:50,22:00,16/09/2024
Derek Hayes,100089,Terminal 1,17/09/2024,12:50,22:00,17/09/2024
Desiree Harvey,100090,Terminal 1,15/09/2024,13:20,21:30,15/09/2024
Destiny Greene,100091,Terminal 1,15/09/2024,13:20,21:30,15/09/2024
Diana Hart,100092,Terminal 2,15/09/2024,15:50,22:00,15/09/2024
Diana Hart,100092,Terminal 2,16/09/2024,15:50,22:00,16/09/2024
Diane Burns,100093,Terminal 1,15/09/2024,03:50,14:00,15/09/2024
Diane Burns,100093,Terminal 1,16/09/2024,03:50,14:00,16/09/2024
Dominic Curtis,100094,Terminal 1,17/09/2024,05:50,17:00,17/09/2024
Donna Stevens,100095,Terminal 1,15/09/2024,20:50,07:00,16/09/2024
Doris Bishop,100096,Terminal 2,15/09/2024,15:50,22:00,15/09/2024
Doris Bishop,100096,Terminal 2,16/09/2024,15:50,22:00,16/09/2024
Dorothy Patterson,100097,Terminal 2,17/09/2024,08:50,19:00,17/09/2024
Douglas Fox,100098,Terminal 2,15/09/2024,05:50,17:00,15/09/2024
Douglas Fox,100098,Terminal 2,16/09/2024,05:50,17:00,16/09/2024
Douglas Fox,100098,Terminal 2,17/09/2024,06:50,17:00,17/09/2024
Drew Lawrence,100099,Terminal 2,15/09/2024,08:50,19:00,15/09/2024
Dustin Perry,100100,Terminal 1,15/09/2024,03:50,14:00,15/09/2024
Dustin Perry,100100,Terminal 1,16/09/2024,03:50,14:00,16/09/2024
Dylan Bryant,100101,Terminal 1,15/09/2024,13:20,21:30,15/09/2024
Earl Curtis,100102,Terminal 1,14/09/2024,20:50,07:00,15/09/2024
Eddie Woods,100103,Terminal 2,16/09/2024,08:50,18:00,16/09/2024
Eddie Woods,100103,Terminal 2,17/09/2024,09:50,18:00,17/09/2024
Edith Knight,100104,Terminal 1,15/09/2024,11:50,21:00,15/09/2024
Edith Knight,100104,Terminal 1,17/09/2024,13:50,22:00,17/09/2024
Edward Howard,100105,Terminal 2,17/09/2024,18:50,07:00,18/09/2024
Edwin Lawrence,100106,Terminal 1,15/09/2024,14:50,21:00,15/09/2024
Elaine Russell,100107,Terminal 1,17/09/2024,03:50,14:00,17/09/2024
Eleanor Stone,100108,Terminal 1,16/09/2024,08:50,19:00,16/09/2024
Eleanor Stone,100108,Terminal 1,17/09/2024,13:50,23:00,17/09/2024
Eli Brooks,100109,Terminal 2,15/09/2024,11:50,21:00,15/09/2024
Eli Brooks,100109,Terminal 2,16/09/2024,12:20,21:00,16/09/2024
Elijah Torres,100110,Terminal 2,15/09/2024,03:50,13:30,15/09/2024
Elijah Torres,100110,Terminal 2,16/09/2024,03:50,13:30,16/09/2024
Elizabeth Scott,100111,Terminal 2,16/09/2024,13:30,22:00,16/09/2024
Elizabeth Scott,100111,Terminal 2,17/09/2024,13:30,22:00,17/09/2024
Ella Ward,100112,Terminal 1,17/09/2024,03:50,13:00,17/09/2024
Ellen Bishop,100113,Terminal 1,15/09/2024,07:50,18:00,15/09/2024
Ellen Bishop,100113,Terminal 1,16/09/2024,07:50,18:00,16/09/2024
Elliot Foster,100114,Terminal 1,15/09/2024,03:50,14:30,15/09/2024
Emily Adams,100115,Terminal 1,15/09/2024,03:50,14:30,15/09/2024
Emma Gonzalez,100116,Terminal 2,15/09/2024,18:50,07:00,16/09/2024
Emma Gonzalez,100116,Terminal 2,16/09/2024,18:50,07:00,17/09/2024
Emma Gonzalez,100116,Terminal 2,17/09/2024,18:50,07:00,18/09/2024
Enrique Torres,100117,Terminal 2,16/09/2024,04:50,15:00,16/09/2024
Enrique Torres,100117,Terminal 2,17/09/2024,04:50,15:00,17/09/2024
Eric Johnston,100118,Terminal 1,17/09/2024,13:50,23:00,17/09/2024
Erica Phillips,100119,Terminal 1,15/09/2024,03:50,13:30,15/09/2024
Erica Phillips,100119,Terminal 1,16/09/2024,03:50,13:30,16/09/2024
Erin Griffin,100120,Terminal 1,15/09/2024,11:50,21:00,15/09/2024
Ethan Palmer,100121,Terminal 1,15/09/2024,03:50,14:00,15/09/2024
Ethan Palmer,100121,Terminal 1,16/09/2024,03:50,14:00,16/09/2024
Ethan Palmer,100121,Terminal 1,17/09/2024,03:50,14:00,17/09/2024
Evelyn Reid,100122,Terminal 1,15/09/2024,12:50,22:00,15/09/2024
Evelyn Reid,100122,Terminal 1,16/09/2024,12:50,22:00,16/09/2024
Evelyn Reid,100122,Terminal 1,17/09/2024,12:50,22:00,17/09/2024
Everett Russell,100123,Terminal 1,15/09/2024,06:50,16:00,15/09/2024
Everett Russell,100123,Terminal 1,16/09/2024,06:50,16:00,16/09/2024
Faith Chapman,100124,Terminal 2,15/09/2024,03:50,13:30,15/09/2024
Faith Chapman,100124,Terminal 2,16/09/2024,03:50,13:30,16/09/2024
Felicia Simmons,100125,Terminal 2,16/09/2024,08:50,18:00,16/09/2024
Felicia Simmons,100125,Terminal 2,17/09/2024,09:50,18:00,17/09/2024
Felix Morgan,100126,Terminal 1,15/09/2024,03:50,14:00,15/09/2024
Felix Morgan,100126,Terminal 1,16/09/2024,04:50,14:30,16/09/2024
Fiona Miller,100127,Terminal 2,17/09/2024,08:50,19:00,17/09/2024
Flora Harris,100128,Terminal 1,17/09/2024,07:00,16:00,17/09/2024
Florence Hayes,100129,Terminal 1,15/09/2024,06:50,16:00,15/09/2024
Florence Hayes,100129,Terminal 1,16/09/2024,14:00,20:00,16/09/2024
Frances Woods,100130,Terminal 2,15/09/2024,03:50,13:30,15/09/2024
Frances Woods,100130,Terminal 2,16/09/2024,04:50,15:00,16/09/2024
Frances Woods,100130,Terminal 2,17/09/2024,04:50,15:00,17/09/2024
Frank Ramirez,100131,Terminal 1,16/09/2024,12:20,21:00,16/09/2024
Frank Ramirez,100131,Terminal 1,17/09/2024,12:20,21:00,17/09/2024
Franklin Perry,100132,Terminal 1,16/09/2024,03:50,13:00,16/09/2024
Franklin Perry,100132,Terminal 1,17/09/2024,03:50,13:00,17/09/2024
Fredrick Diaz,100133,Terminal 1,17/09/2024,13:50,23:00,17/09/2024
Gabriel Hughes,100134,Terminal 2,14/09/2024,18:50,07:00,15/09/2024
Gabriel Hughes,100134,Terminal 2,15/09/2024,18:50,07:00,16/09/2024
Gabriel Hughes,100134,Terminal 2,16/09/2024,18:50,07:00,17/09/2024
Gail Reyes,100135,Terminal 1,16/09/2024,20:00,07:00,17/09/2024
Gail Reyes,100135,Terminal 1,17/09/2024,20:00,07:00,18/09/2024
Garrett Montgomery,100136,Terminal 1,15/09/2024,13:50,21:00,15/09/2024
Gary Williamson,100137,Terminal 1,15/09/2024,03:20,11:30,15/09/2024
Gary Williamson,100137,Terminal 1,17/09/2024,03:20,09:30,17/09/2024
Gavin Reed,100138,Terminal 1,16/09/2024,03:50,15:00,16/09/2024
Gavin Reed,100138,Terminal 1,17/09/2024,03:50,15:00,17/09/2024
Genevieve Blair,100139,Terminal 1,15/09/2024,15:50,22:00,15/09/2024
Genevieve Blair,100139,Terminal 1,16/09/2024,15:50,22:00,16/09/2024
George Griffin,100140,Terminal 2,15/09/2024,07:00,19:00,15/09/2024
George Griffin,100140,Terminal 2,16/09/2024,19:00,07:00,17/09/2024
George Griffin,100140,Terminal 2,17/09/2024,19:00,07:00,18/09/2024
Gerald Hayes,100141,Terminal 1,17/09/2024,03:50,14:00,17/09/2024
Gina Murray,100142,Terminal 1,15/09/2024,13:50,22:00,15/09/2024
Glenn Dunn,100143,Terminal 1,16/09/2024,03:50,14:00,16/09/2024
Glenn Dunn,100143,Terminal 1,17/09/2024,04:50,15:00,17/09/2024
Gloria Spencer,100144,Terminal 2,17/09/2024,08:50,19:00,17/09/2024
Grace Porter,100145,Terminal 1,15/09/2024,06:50,18:00,15/09/2024
Grant Morgan,100146,Terminal 2,16/09/2024,03:50,13:30,16/09/2024
Grant Morgan,100146,Terminal 2,17/09/2024,04:50,14:30,17/09/2024
Greg Richards,100147,Terminal 1,15/09/2024,06:50,18:00,15/09/2024
Gregory Collins,100148,Terminal 1,15/09/2024,03:50,14:00,15/09/2024
Gregory Collins,100148,Terminal 1,16/09/2024,03:50,14:00,16/09/2024
Hailey Cruz,100149,Terminal 1,17/09/2024,13:30,22:00,17/09/2024
Hannah Griffin,100150,Terminal 1,15/09/2024,03:50,13:30,15/09/2024
Hannah Griffin,100150,Terminal 1,16/09/2024,03:50,13:30,16/09/2024
Hannah Griffin,100150,Terminal 1,17/09/2024,03:50,13:30,17/09/2024
Harold Dixon,100151,Terminal 2,16/09/2024,03:50,13:30,16/09/2024
Harold Dixon,100151,Terminal 2,17/09/2024,03:50,13:30,17/09/2024
Hazel Riley,100152,Terminal 1,16/09/2024,05:50,17:00,16/09/2024
Hazel Riley,100152,Terminal 1,17/09/2024,05:50,17:00,17/09/2024
Heather Bowman,100153,Terminal 2,14/09/2024,18:50,07:00,15/09/2024
Heather Bowman,100153,Terminal 2,15/09/2024,18:50,07:00,16/09/2024
Heather Bowman,100153,Terminal 2,16/09/2024,18:50,07:00,17/09/2024
Heidi Barrett,100154,Terminal 2,15/09/2024,03:50,13:30,15/09/2024
Heidi Barrett,100154,Terminal 2,16/09/2024,04:50,15:00,16/09/2024
Heidi Barrett,100154,Terminal 2,17/09/2024,04:50,15:00,17/09/2024
Helen Fisher,100155,Terminal 1,16/09/2024,12:20,21:00,16/09/2024
Helen Fisher,100155,Terminal 1,17/09/2024,12:20,21:00,17/09/2024
Henry Knight,100156,Terminal 1,15/09/2024,03:20,11:30,15/09/2024
Holly McCarthy,100157,Terminal 1,15/09/2024,11:50,21:00,15/09/2024
Holly McCarthy,100157,Terminal 1,16/09/2024,12:20,21:00,16/09/2024
Howard Woods,100158,Terminal 1,15/09/2024,11:50,21:00,15/09/2024
Ian Fisher,100159,Terminal 1,16/09/2024,20:00,07:00,17/09/2024
Ian Fisher,100159,Terminal 1,17/09/2024,20:00,07:00,18/09/2024
Isaac Bishop,100160,Terminal 1,16/09/2024,08:00,19:00,16/09/2024
Isabelle Ford,100161,Terminal 1,16/09/2024,13:30,22:00,16/09/2024
Isabelle Ford,100161,Terminal 1,17/09/2024,13:30,22:00,17/09/2024
Isaiah Sullivan,100162,Terminal 1,16/09/2024,08:00,17:00,16/09/2024
Isaiah Sullivan,100162,Terminal 1,17/09/2024,08:00,17:00,17/09/2024
Ivan Walker,100163,Terminal 1,15/09/2024,03:50,14:00,15/09/2024
Jack Brooks,100164,Terminal 1,16/09/2024,12:50,19:00,16/09/2024
Jack Brooks,100164,Terminal 1,17/09/2024,12:50,19:00,17/09/2024
Jackson Peterson,100165,Terminal 2,15/09/2024,03:50,14:00,15/09/2024
Jacob Collins,100166,Terminal 2,15/09/2024,03:50,14:00,15/09/2024
Jacob Collins,100166,Terminal 2,16/09/2024,03:50,14:00,16/09/2024
Jade Turner,100167,Terminal 2,17/09/2024,03:50,14:00,17/09/2024
Jaime Lee,100168,Terminal 2,15/09/2024,03:50,14:00,15/09/2024
Jake Bell,100169,Terminal 1,15/09/2024,11:50,21:00,15/09/2024
Jake Bell,100169,Terminal 1,16/09/2024,12:20,21:00,16/09/2024
James Brooks,100170,Terminal 1,16/09/2024,03:20,12:00,16/09/2024
James Brooks,100170,Terminal 1,17/09/2024,03:20,12:00,17/09/2024
Jamie Flores,100171,Terminal 1,15/09/2024,13:50,23:00,15/09/2024
Jamie Flores,100171,Terminal 1,16/09/2024,13:50,23:00,16/09/2024
Jane Curtis,100172,Terminal 1,16/09/2024,07:50,18:00,16/09/2024
Jane Curtis,100172,Terminal 1,17/09/2024,07:50,18:00,17/09/2024
Janet Ryan,100173,Terminal 2,16/09/2024,03:50,12:00,16/09/2024
Janet Ryan,100173,Terminal 2,17/09/2024,03:50,12:00,17/09/2024
Jared Bell,100174,Terminal 1,16/09/2024,03:50,14:00,16/09/2024
Jared Bell,100174,Terminal 1,17/09/2024,03:50,14:00,17/09/2024
Jason Sullivan,100175,Terminal 1,16/09/2024,21:00,07:00,17/09/2024
Jason Sullivan,100175,Terminal 1,17/09/2024,21:00,07:00,18/09/2024
Jasmine Miller,100176,Terminal 1,15/09/2024,03:50,14:00,15/09/2024
Jasmine Miller,100176,Terminal 1,16/09/2024,03:50,14:00,16/09/2024
Jayden Myers,100177,Terminal 2,16/09/2024,08:00,17:00,16/09/2024
Jayden Myers,100177,Terminal 2,17/09/2024,08:00,17:00,17/09/2024
Jean Hayes,100178,Terminal 1,15/09/2024,03:20,14:00,15/09/2024
Jeffery Stone,100179,Terminal 1,15/09/2024,04:50,14:30,15/09/2024
Jenna Torres,100180,Terminal 1,15/09/2024,08:50,19:00,15/09/2024
Jennifer Coleman,100181,Terminal 2,17/09/2024,03:50,14:00,17/09/2024
Jenny Palmer,100182,Terminal 1,15/09/2024,12:50,22:00,15/09/2024
Jeremy Howard,100183,Terminal 1,15/09/2024,08:50,19:00,15/09/2024
Jeremy Howard,100183,Terminal 1,16/09/2024,08:50,19:00,16/09/2024
Jerome Davidson,100184,Terminal 1,17/09/2024,13:50,22:00,17/09/2024
Jerry Griffin,100185,Terminal 2,15/09/2024,06:50,16:00,15/09/2024
Jerry Griffin,100185,Terminal 2,16/09/2024,06:50,16:00,16/09/2024
Jesse Williamson,100186,Terminal 1,16/09/2024,12:50,22:00,16/09/2024
Jesse Williamson,100186,Terminal 1,17/09/2024,12:50,22:00,17/09/2024
Jessica Campbell,100187,Terminal 2,16/09/2024,08:00,17:00,16/09/2024
Jessica Campbell,100187,Terminal 2,17/09/2024,08:00,17:00,17/09/2024
Jill Perkins,100188,Terminal 1,17/09/2024,13:50,23:00,17/09/2024
Jimmy Hughes,100189,Terminal 1,17/09/2024,06:00,12:00,17/09/2024
Joan Rodriguez,100190,Terminal 1,15/09/2024,03:50,14:00,15/09/2024
Joanna Bennett,100191,Terminal 1,15/09/2024,13:20,21:30,15/09/2024
Joanna Bennett,100191,Terminal 1,17/09/2024,03:20,09:30,17/09/2024
Jocelyn Moore,100192,Terminal 2,16/09/2024,10:30,19:00,16/09/2024
Jocelyn Moore,100192,Terminal 2,17/09/2024,13:30,22:00,17/09/2024
Joel Flores,100193,Terminal 1,16/09/2024,03:50,14:00,16/09/2024
Joel Flores,100193,Terminal 1,17/09/2024,03:50,14:00,17/09/2024
John Palmer,100194,Terminal 2,15/09/2024,09:50,20:00,15/09/2024
John Palmer,100194,Terminal 2,16/09/2024,09:50,20:00,16/09/2024
John Palmer,100194,Terminal 2,17/09/2024,09:50,20:00,17/09/2024
Johnny Powell,100195,Terminal 1,16/09/2024,08:00,17:00,16/09/2024
Johnny Powell,100195,Terminal 1,17/09/2024,08:00,17:00,17/09/2024
Jonathan Garcia,100196,Terminal 1,16/09/2024,13:50,20:00,16/09/2024
Jonathan Garcia,100196,Terminal 1,17/09/2024,13:50,20:00,17/09/2024
Jordan Grant,100197,Terminal 1,17/09/2024,10:50,20:00,17/09/2024
Joseph Davis,100198,Terminal 1,15/09/2024,03:20,11:30,15/09/2024
Joshua Bennett,100199,Terminal 1,15/09/2024,03:50,13:00,15/09/2024
Joy Hayes,100200,Terminal 1,16/09/2024,07:50,18:00,16/09/2024
Joy Hayes,100200,Terminal 1,17/09/2024,08:50,18:00,17/09/2024
Joyce Anderson,100201,Terminal 1,15/09/2024,03:50,13:00,15/09/2024
Juan Brooks,100202,Terminal 2,16/09/2024,03:50,14:00,16/09/2024
Juan Brooks,100202,Terminal 2,17/09/2024,03:50,14:00,17/09/2024
Judith Sullivan,100203,Terminal 2,17/09/2024,08:50,19:00,17/09/2024
Judy Fox,100204,Terminal 1,16/09/2024,03:50,13:30,16/09/2024
Judy Fox,100204,Terminal 1,17/09/2024,03:50,13:30,17/09/2024
Julia Hughes,100205,Terminal 1,16/09/2024,12:20,21:00,16/09/2024
Julia Hughes,100205,Terminal 1,17/09/2024,12:20,21:00,17/09/2024
Julian Grant,100206,Terminal 1,15/09/2024,11:50,21:00,15/09/2024
Justin Moore,100207,Terminal 1,15/09/2024,06:50,16:00,15/09/2024
Justin Moore,100207,Terminal 1,16/09/2024,06:50,16:00,16/09/2024
Kaitlyn Carter,100208,Terminal 1,15/09/2024,10:50,19:00,15/09/2024
Karen Hughes,100209,Terminal 1,15/09/2024,03:20,11:30,15/09/2024
Karen Hughes,100209,Terminal 1,16/09/2024,03:20,09:30,16/09/2024
Karl Young,100210,Terminal 1,15/09/2024,04:50,14:30,15/09/2024
Katherine Brooks,100211,Terminal 1,17/09/2024,03:50,14:00,17/09/2024
Kathleen Sullivan,100212,Terminal 1,15/09/2024,13:50,22:00,15/09/2024
Kathy Brooks,100213,Terminal 1,16/09/2024,03:20,13:00,16/09/2024
Kathy Brooks,100213,Terminal 1,17/09/2024,03:20,12:30,17/09/2024
Katie Armstrong,100214,Terminal 1,17/09/2024,03:50,13:00,17/09/2024
Kayla Harris,100215,Terminal 1,15/09/2024,03:50,14:00,15/09/2024
Kayla Harris,100215,Terminal 1,16/09/2024,03:50,14:00,16/09/2024
Kayla Harris,100215,Terminal 1,17/09/2024,03:50,13:30,17/09/2024
Keith Brooks,100216,Terminal 2,15/09/2024,03:50,14:00,15/09/2024
Keith Brooks,100216,Terminal 2,16/09/2024,03:50,14:00,16/09/2024
Kelly Powell,100217,Terminal 1,17/09/2024,07:50,18:00,17/09/2024
Kendall Bryant,100218,Terminal 2,17/09/2024,03:50,14:00,17/09/2024
Kenneth Morgan,100219,Terminal 1,16/09/2024,03:20,13:00,16/09/2024
Kenneth Morgan,100219,Terminal 1,17/09/2024,03:20,12:30,17/09/2024
Kevin Griffin,100220,Terminal 1,16/09/2024,05:50,17:00,16/09/2024
Kevin Griffin,100220,Terminal 1,17/09/2024,05:50,17:00,17/09/2024
Kim Sullivan,100221,Terminal 1,15/09/2024,13:20,21:30,15/09/2024
Kim Sullivan,100221,Terminal 1,17/09/2024,07:00,16:00,17/09/2024
Kimberly Bell,100222,Terminal 2,15/09/2024,03:50,14:00,15/09/2024
Kristin Brown,100223,Terminal 2,15/09/2024,08:50,19:00,15/09/2024
Kristin Brown,100223,Terminal 2,16/09/2024,08:50,19:00,16/09/2024
Kyle Long,100224,Terminal 1,15/09/2024,06:50,16:00,15/09/2024
Kyle Long,100224,Terminal 1,16/09/2024,06:50,16:00,16/09/2024
Lacey Henderson,100225,Terminal 1,14/09/2024,20:50,07:00,15/09/2024
Lacey Henderson,100225,Terminal 1,15/09/2024,20:50,07:00,16/09/2024
Larry Powell,100226,Terminal 2,15/09/2024,09:50,18:00,15/09/2024
Larry Powell,100226,Terminal 2,16/09/2024,09:50,18:00,16/09/2024
Larry Powell,100226,Terminal 2,17/09/2024,08:50,18:45,17/09/2024
Laura Adams,100227,Terminal 1,15/09/2024,03:50,14:00,15/09/2024
Lauren Johnson,100228,Terminal 1,15/09/2024,13:50,21:00,15/09/2024
Lauren Johnson,100228,Terminal 1,16/09/2024,14:00,20:00,16/09/2024
Leah Powell,100229,Terminal 1,16/09/2024,20:00,07:00,17/09/2024
Leah Powell,100229,Terminal 1,17/09/2024,20:00,07:00,18/09/2024
Lee Hart,100230,Terminal 2,14/09/2024,18:50,07:00,15/09/2024
Lee Hart,100230,Terminal 2,15/09/2024,18:50,07:00,16/09/2024
Lee Hart,100230,Terminal 2,17/09/2024,18:50,07:00,18/09/2024
Leo Ward,100231,Terminal 1,15/09/2024,11:50,21:00,15/09/2024
Leonard Ray,100232,Terminal 2,15/09/2024,15:50,22:00,15/09/2024
Leonard Ray,100232,Terminal 2,16/09/2024,15:50,22:00,16/09/2024
Leslie Cox,100233,Terminal 1,16/09/2024,12:50,22:00,16/09/2024
Leslie Cox,100233,Terminal 1,17/09/2024,12:50,22:00,17/09/2024
Levi Allen,100234,Terminal 1,15/09/2024,03:50,14:00,15/09/2024
Lewis Curtis,100235,Terminal 1,15/09/2024,11:50,19:00,15/09/2024
Lillian McCoy,100236,Terminal 2,17/09/2024,03:50,10:00,17/09/2024
Linda Brown,100237,Terminal 2,16/09/2024,08:00,17:00,16/09/2024
Linda Brown,100237,Terminal 2,17/09/2024,08:00,17:00,17/09/2024
Lindsey Ward,100238,Terminal 1,15/09/2024,05:50,17:00,15/09/2024
Lisa Lopez,100239,Terminal 1,15/09/2024,09:50,19:00,15/09/2024
Lisa Lopez,100239,Terminal 1,17/09/2024,06:00,12:00,17/09/2024
Logan Harris,100240,Terminal 1,16/09/2024,03:50,13:00,16/09/2024
Logan Harris,100240,Terminal 1,17/09/2024,03:50,13:00,17/09/2024
Lori Perkins,100241,Terminal 1,15/09/2024,09:50,19:00,15/09/2024
Louis Brooks,100242,Terminal 1,16/09/2024,12:20,21:00,16/09/2024
Louis Brooks,100242,Terminal 1,17/09/2024,12:20,21:00,17/09/2024
Lucas Carter,100243,Terminal 2,15/09/2024,15:50,22:00,15/09/2024
Lucas Carter,100243,Terminal 2,16/09/2024,15:50,22:00,16/09/2024
Lucy Ward,100244,Terminal 2,15/09/2024,09:50,22:00,15/09/2024
Luke Russell,100245,Terminal 2,16/09/2024,18:50,07:00,17/09/2024
Luke Russell,100245,Terminal 2,17/09/2024,18:50,07:00,18/09/2024
Lydia Knight,100246,Terminal 1,15/09/2024,03:50,08:45,15/09/2024
Mackenzie Palmer,100247,Terminal 1,15/09/2024,03:50,14:00,15/09/2024
Mackenzie Palmer,100247,Terminal 1,16/09/2024,03:50,14:00,16/09/2024
Mackenzie Palmer,100247,Terminal 1,17/09/2024,03:50,14:00,17/09/2024
Madison Johnson,100248,Terminal 1,16/09/2024,03:50,13:00,16/09/2024
Madison Johnson,100248,Terminal 1,17/09/2024,03:50,13:00,17/09/2024
Maggie Ford,100249,Terminal 2,16/09/2024,03:50,13:30,16/09/2024
Maggie Ford,100249,Terminal 2,17/09/2024,03:50,13:30,17/09/2024
Malcolm Simmons,100250,Terminal 1,15/09/2024,13:50,21:00,15/09/2024
Mallory Torres,100251,Terminal 1,15/09/2024,07:00,15:10,15/09/2024
Manuel Brooks,100252,Terminal 1,16/09/2024,08:00,17:00,16/09/2024
Manuel Brooks,100252,Terminal 1,17/09/2024,08:00,17:00,17/09/2024
Marcus Powell,100253,Terminal 1,17/09/2024,12:50,22:00,17/09/2024
Margaret Howard,100254,Terminal 1,16/09/2024,12:50,19:00,16/09/2024
Margaret Howard,100254,Terminal 1,17/09/2024,12:50,19:00,17/09/2024
Maria Davis,100255,Terminal 2,15/09/2024,08:50,19:00,15/09/2024
Maria Davis,100255,Terminal 2,16/09/2024,08:50,19:00,16/09/2024
Maria Davis,100255,Terminal 2,17/09/2024,09:50,20:00,17/09/2024
Marie Torres,100256,Terminal 1,15/09/2024,12:50,22:00,15/09/2024
Marie Torres,100256,Terminal 1,16/09/2024,12:50,22:00,16/09/2024
Marie Torres,100256,Terminal 1,17/09/2024,12:50,22:00,17/09/2024
Marilyn Diaz,100257,Terminal 1,16/09/2024,12:50,19:00,16/09/2024
Marilyn Diaz,100257,Terminal 1,17/09/2024,12:50,19:00,17/09/2024
Marissa Knight,100258,Terminal 1,15/09/2024,03:50,14:30,15/09/2024
Mark Hayes,100259,Terminal 1,15/09/2024,12:50,22:00,15/09/2024
Marlene Scott,100260,Terminal 2,16/09/2024,03:50,12:00,16/09/2024
Marlene Scott,100260,Terminal 2,17/09/2024,03:50,14:00,17/09/2024
Marshall Powell,100261,Terminal 1,15/09/2024,12:50,22:00,15/09/2024
Marshall Powell,100261,Terminal 1,16/09/2024,12:50,22:00,16/09/2024
Marshall Powell,100261,Terminal 1,17/09/2024,12:50,22:00,17/09/2024
Martha White,100262,Terminal 1,15/09/2024,05:50,16:00,15/09/2024
Martha White,100262,Terminal 1,16/09/2024,03:50,13:30,16/09/2024
Martha White,100262,Terminal 1,17/09/2024,03:50,13:30,17/09/2024
Martin Sullivan,100263,Terminal 1,16/09/2024,03:20,12:00,16/09/2024
Martin Sullivan,100263,Terminal 1,17/09/2024,03:20,12:00,17/09/2024
Marvin Davis,100264,Terminal 1,15/09/2024,03:50,14:00,15/09/2024
Marvin Davis,100264,Terminal 1,16/09/2024,03:50,14:00,16/09/2024
Marvin Davis,100264,Terminal 1,17/09/2024,03:50,14:00,17/09/2024
Mary Harris,100265,Terminal 1,15/09/2024,03:50,13:30,15/09/2024
Mary Harris,100265,Terminal 1,16/09/2024,03:50,13:30,16/09/2024
Mason Hall,100266,Terminal 1,15/09/2024,03:50,14:00,15/09/2024
Mason Hall,100266,Terminal 1,16/09/2024,03:50,14:00,16/09/2024
Mason Hall,100266,Terminal 1,17/09/2024,03:50,14:00,17/09/2024
Matthew Scott,100267,Terminal 1,15/09/2024,03:50,13:30,15/09/2024
Matthew Scott,100267,Terminal 1,16/09/2024,03:50,13:30,16/09/2024
Max Torres,100268,Terminal 2,15/09/2024,04:50,15:00,15/09/2024
Max Torres,100268,Terminal 2,16/09/2024,04:50,15:00,16/09/2024
Megan Reed,100269,Terminal 2,15/09/2024,18:50,07:00,16/09/2024
Melanie Griffin,100270,Terminal 1,15/09/2024,13:20,21:30,15/09/2024
Melissa Perry,100271,Terminal 1,15/09/2024,13:20,21:30,15/09/2024
Meredith Hughes,100272,Terminal 1,16/09/2024,05:50,17:00,16/09/2024
Meredith Hughes,100272,Terminal 1,17/09/2024,05:50,17:00,17/09/2024
Michael Ramirez,100273,Terminal 1,15/09/2024,07:50,18:00,15/09/2024
Michael Ramirez,100273,Terminal 1,16/09/2024,07:50,18:00,16/09/2024
Michael Ramirez,100273,Terminal 1,17/09/2024,07:50,18:00,17/09/2024
Michelle Brown,100274,Terminal 1,15/09/2024,03:50,14:30,15/09/2024
Miguel Cooper,100275,Terminal 1,15/09/2024,11:50,21:00,15/09/2024
Miguel Cooper,100275,Terminal 1,16/09/2024,13:30,22:00,16/09/2024
Miguel Cooper,100275,Terminal 1,17/09/2024,13:30,22:00,17/09/2024
Mike Griffin,100276,Terminal 1,17/09/2024,03:20,11:30,17/09/2024
Miles Miller,100277,Terminal 1,16/09/2024,03:50,13:30,16/09/2024
Miles Miller,100277,Terminal 1,17/09/2024,03:50,13:30,17/09/2024
Miranda Howard,100278,Terminal 1,16/09/2024,03:50,13:00,16/09/2024
Miranda Howard,100278,Terminal 1,17/09/2024,03:50,13:00,17/09/2024
Molly Collins,100279,Terminal 2,17/09/2024,09:00,14:00,17/09/2024
Monica Simmons,100280,Terminal 1,15/09/2024,03:50,14:00,15/09/2024
Monica Simmons,100280,Terminal 1,16/09/2024,03:50,14:00,16/09/2024
Morgan Stone,100281,Terminal 1,17/09/2024,04:50,15:00,17/09/2024
Nancy Reed,100282,Terminal 1,15/09/2024,13:50,22:00,15/09/2024
Naomi Young,100283,Terminal 2,16/09/2024,08:50,18:00,16/09/2024
Naomi Young,100283,Terminal 2,17/09/2024,09:50,18:00,17/09/2024
Natalie Robinson,100284,Terminal 1,15/09/2024,03:50,13:30,15/09/2024
Natalie Robinson,100284,Terminal 1,16/09/2024,03:50,13:30,16/09/2024
Natalie Robinson,100284,Terminal 1,17/09/2024,03:50,14:00,17/09/2024
Nathan Edwards,100285,Terminal 1,15/09/2024,13:50,21:00,15/09/2024
Nathan Edwards,100285,Terminal 1,16/09/2024,14:50,22:00,16/09/2024
Nathan Edwards,100285,Terminal 1,17/09/2024,14:00,20:00,17/09/2024
Nathaniel Diaz,100286,Terminal 1,15/09/2024,03:50,14:00,15/09/2024
Neal Brown,100287,Terminal 1,16/09/2024,09:50,19:00,16/09/2024
Neal Brown,100287,Terminal 1,17/09/2024,09:50,19:00,17/09/2024
Neil Harrison,100288,Terminal 1,16/09/2024,03:50,13:00,16/09/2024
Neil Harrison,100288,Terminal 1,17/09/2024,03:50,13:00,17/09/2024
Nicholas Foster,100289,Terminal 1,15/09/2024,11:50,19:00,15/09/2024
Nicole Garcia,100290,Terminal 1,16/09/2024,08:00,17:00,16/09/2024
Nicole Garcia,100290,Terminal 1,17/09/2024,08:00,17:00,17/09/2024
Nina Cruz,100291,Terminal 1,16/09/2024,13:50,20:00,16/09/2024
Nina Cruz,100291,Terminal 1,17/09/2024,13:50,20:00,17/09/2024
Noah Reed,100292,Terminal 2,16/09/2024,03:50,14:00,16/09/2024
Noah Reed,100292,Terminal 2,17/09/2024,03:50,14:00,17/09/2024
Nora Allen,100293,Terminal 1,15/09/2024,13:50,22:00,15/09/2024
Norman Bennett,100294,Terminal 1,15/09/2024,03:20,11:30,15/09/2024
Olivia Lopez,100295,Terminal 1,15/09/2024,04:50,15:00,15/09/2024
Olivia Lopez,100295,Terminal 1,16/09/2024,04:50,15:00,16/09/2024
Olivia Lopez,100295,Terminal 1,17/09/2024,04:50,15:00,17/09/2024
Omar Flores,100296,Terminal 1,15/09/2024,11:50,19:00,15/09/2024
Paige Sullivan,100297,Terminal 1,15/09/2024,13:50,23:00,15/09/2024
Paige Sullivan,100297,Terminal 1,16/09/2024,13:50,23:00,16/09/2024
Pamela Hart,100298,Terminal 2,14/09/2024,18:50,07:00,15/09/2024
Pamela Hart,100298,Terminal 2,15/09/2024,18:50,07:00,16/09/2024
Pamela Hart,100298,Terminal 2,17/09/2024,07:00,16:00,17/09/2024
Patricia Hughes,100299,Terminal 2,15/09/2024,03:50,12:00,15/09/2024
Patricia Hughes,100299,Terminal 2,16/09/2024,03:50,14:00,16/09/2024
Patricia Hughes,100299,Terminal 2,17/09/2024,03:50,14:00,17/09/2024
Patrick Davis,100300,Terminal 1,15/09/2024,03:50,14:00,15/09/2024
Paul Johnson,100301,Terminal 1,17/09/2024,18:50,07:00,18/09/2024
Paula Williams,100302,Terminal 1,16/09/2024,05:50,16:00,16/09/2024
Paula Williams,100302,Terminal 1,17/09/2024,05:50,14:00,17/09/2024
Peggy Diaz,100303,Terminal 1,16/09/2024,05:50,16:00,16/09/2024
Peggy Diaz,100303,Terminal 1,17/09/2024,05:50,16:00,17/09/2024
Peter Sullivan,100304,Terminal 1,15/09/2024,03:50,13:30,15/09/2024
Peter Sullivan,100304,Terminal 1,16/09/2024,04:50,15:00,16/09/2024
Peter Sullivan,100304,Terminal 1,17/09/2024,04:50,15:00,17/09/2024
Phillip Foster,100305,Terminal 1,15/09/2024,03:20,11:30,15/09/2024
Phyllis Rivera,100306,Terminal 2,16/09/2024,20:45,07:00,17/09/2024
Preston Griffin,100307,Terminal 2,15/09/2024,03:50,13:30,15/09/2024
Preston Griffin,100307,Terminal 2,16/09/2024,03:50,13:30,16/09/2024
Preston Griffin,100307,Terminal 2,17/09/2024,04:50,15:00,17/09/2024
Quentin Lee,100308,Terminal 1,15/09/2024,03:50,14:30,15/09/2024
Quentin Lee,100308,Terminal 1,16/09/2024,03:20,13:00,16/09/2024
Quentin Lee,100308,Terminal 1,17/09/2024,03:20,12:30,17/09/2024
Rachel Howard,100309,Terminal 1,16/09/2024,03:50,13:00,16/09/2024
Rachel Howard,100309,Terminal 1,17/09/2024,03:50,13:00,17/09/2024
Ralph Griffin,100310,Terminal 1,17/09/2024,03:50,13:30,17/09/2024
Ramona Diaz,100311,Terminal 1,16/09/2024,05:50,17:00,16/09/2024
Ramona Diaz,100311,Terminal 1,17/09/2024,05:50,17:00,17/09/2024
Randy Clark,100312,Terminal 1,15/09/2024,09:50,19:00,15/09/2024
Randy Clark,100312,Terminal 1,16/09/2024,09:50,19:00,16/09/2024
Randy Clark,100312,Terminal 1,17/09/2024,12:50,22:00,17/09/2024
Raymond Scott,100313,Terminal 1,15/09/2024,13:50,23:00,15/09/2024
Raymond Scott,100313,Terminal 1,17/09/2024,14:00,20:00,17/09/2024
Rebecca Griffin,100314,Terminal 1,15/09/2024,21:00,07:00,16/09/2024
Rebecca Griffin,100314,Terminal 1,16/09/2024,21:00,07:00,17/09/2024
Regina Spencer,100315,Terminal 2,16/09/2024,09:50,19:00,16/09/2024
Regina Spencer,100315,Terminal 2,17/09/2024,06:00,14:40,17/09/2024
Renee Hughes,100316,Terminal 1,16/09/2024,10:50,21:00,16/09/2024
Renee Hughes,100316,Terminal 1,17/09/2024,10:50,21:00,17/09/2024
Rhonda Diaz,100317,Terminal 2,14/09/2024,18:50,07:00,15/09/2024
Rhonda Diaz,100317,Terminal 2,15/09/2024,18:50,07:00,16/09/2024
Rhonda Diaz,100317,Terminal 2,16/09/2024,18:50,07:00,17/09/2024
Richard Coleman,100318,Terminal 2,15/09/2024,03:50,13:30,15/09/2024
Richard Coleman,100318,Terminal 2,16/09/2024,03:50,13:30,16/09/2024
Richard Coleman,100318,Terminal 2,17/09/2024,03:50,13:30,17/09/2024
Rick Palmer,100319,Terminal 1,16/09/2024,21:00,07:00,17/09/2024
Rick Palmer,100319,Terminal 1,17/09/2024,21:00,07:00,18/09/2024
Ricky Ramirez,100320,Terminal 1,15/09/2024,03:50,14:00,15/09/2024
Rita Harrison,100321,Terminal 1,16/09/2024,13:50,20:00,16/09/2024
Rita Harrison,100321,Terminal 1,17/09/2024,13:50,20:00,17/09/2024
Robert Garcia,100322,Terminal 2,17/09/2024,18:50,07:00,18/09/2024
Robin Torres,100323,Terminal 1,15/09/2024,12:50,22:00,15/09/2024
Robin Torres,100323,Terminal 1,16/09/2024,12:50,22:00,16/09/2024
Robin Torres,100323,Terminal 1,17/09/2024,12:50,22:00,17/09/2024
Rodney Murphy,100324,Terminal 1,16/09/2024,08:00,17:00,16/09/2024
Rodney Murphy,100324,Terminal 1,17/09/2024,08:00,17:00,17/09/2024
Roger Diaz,100325,Terminal 1,16/09/2024,03:20,13:00,16/09/2024
Roger Diaz,100325,Terminal 1,17/09/2024,03:20,12:30,17/09/2024
Roland Cruz,100326,Terminal 1,15/09/2024,03:20,11:30,15/09/2024
Ronald Turner,100327,Terminal 1,15/09/2024,03:50,14:00,15/09/2024
Rosa Diaz,100328,Terminal 1,15/09/2024,04:50,15:00,15/09/2024
Rosa Diaz,100328,Terminal 1,16/09/2024,04:50,14:30,16/09/2024
Rose Griffin,100329,Terminal 1,15/09/2024,03:50,13:00,15/09/2024
Roy Scott,100330,Terminal 2,16/09/2024,03:50,12:00,16/09/2024
Roy Scott,100330,Terminal 2,17/09/2024,03:50,12:00,17/09/2024
Ruby Howard,100331,Terminal 1,16/09/2024,03:50,13:00,16/09/2024
Ruby Howard,100331,Terminal 1,17/09/2024,03:50,13:00,17/09/2024
Russell Powell,100332,Terminal 1,16/09/2024,03:50,14:00,16/09/2024
Russell Powell,100332,Terminal 1,17/09/2024,03:50,14:00,17/09/2024
Ruth Hart,100333,Terminal 2,17/09/2024,18:50,07:00,18/09/2024
Ryan Brooks,100334,Terminal 1,16/09/2024,06:50,16:00,16/09/2024
Ryan Brooks,100334,Terminal 1,17/09/2024,06:50,16:00,17/09/2024
Sabrina Garcia,100335,Terminal 1,14/09/2024,18:50,07:00,15/09/2024
Sabrina Garcia,100335,Terminal 1,15/09/2024,20:50,07:00,16/09/2024
Sabrina Garcia,100335,Terminal 1,17/09/2024,18:50,07:00,18/09/2024
Samantha Reed,100336,Terminal 1,15/09/2024,05:50,16:00,15/09/2024
Samuel Powell,100337,Terminal 1,15/09/2024,03:50,14:00,15/09/2024
Samuel Powell,100337,Terminal 1,16/09/2024,03:50,14:00,16/09/2024
Sandra Miller,100338,Terminal 2,16/09/2024,10:30,19:00,16/09/2024
Sandra Miller,100338,Terminal 2,17/09/2024,10:30,19:00,17/09/2024
Sara Reed,100339,Terminal 1,15/09/2024,03:20,11:30,15/09/2024
Sarah Lopez,100340,Terminal 1,15/09/2024,04:50,15:00,15/09/2024
Sarah Lopez,100340,Terminal 1,16/09/2024,04:50,15:00,16/09/2024
Sarah Lopez,100340,Terminal 1,17/09/2024,04:50,15:00,17/09/2024
Savannah Harris,100341,Terminal 1,15/09/2024,12:50,22:00,15/09/2024
Scott Sullivan,100342,Terminal 1,16/09/2024,06:00,14:00,16/09/2024
Scott Sullivan,100342,Terminal 1,17/09/2024,07:00,19:00,17/09/2024
Sean Myers,100343,Terminal 1,15/09/2024,03:50,13:00,15/09/2024
Seth Garcia,100344,Terminal 1,17/09/2024,03:50,14:00,17/09/2024
Shannon Edwards,100345,Terminal 2,16/09/2024,10:20,19:00,16/09/2024
Shannon Edwards,100345,Terminal 2,17/09/2024,12:20,21:00,17/09/2024
Sharon Myers,100346,Terminal 1,15/09/2024,07:00,19:00,15/09/2024
Sheila Reed,100347,Terminal 1,15/09/2024,13:50,21:00,15/09/2024
Shelby Howard,100348,Terminal 1,15/09/2024,03:50,15:00,15/09/2024
Shirley Cooper,100349,Terminal 1,16/09/2024,12:20,21:00,16/09/2024
Shirley Cooper,100349,Terminal 1,17/09/2024,12:20,21:00,17/09/2024
Sidney Perry,100350,Terminal 2,16/09/2024,03:50,12:00,16/09/2024
Sidney Perry,100350,Terminal 2,17/09/2024,03:50,14:00,17/09/2024
Sierra Reed,100351,Terminal 1,16/09/2024,09:50,20:00,16/09/2024
Sierra Reed,100351,Terminal 1,17/09/2024,09:50,20:00,17/09/2024
Simon Barnes,100352,Terminal 1,15/09/2024,12:50,22:30,15/09/2024
Simon Barnes,100352,Terminal 1,16/09/2024,12:50,22:30,16/09/2024
Sophia Collins,100353,Terminal 1,16/09/2024,05:50,17:00,16/09/2024
Sophia Collins,100353,Terminal 1,17/09/2024,05:50,17:00,17/09/2024
Spencer Cruz,100354,Terminal 1,15/09/2024,03:50,14:30,15/09/2024
Stacy Griffin,100355,Terminal 2,15/09/2024,03:50,12:00,15/09/2024
Stacy Griffin,100355,Terminal 2,16/09/2024,03:50,14:00,16/09/2024
Stacy Griffin,100355,Terminal 2,17/09/2024,03:50,14:00,17/09/2024
Stanley Diaz,100356,Terminal 1,15/09/2024,05:50,17:00,15/09/2024
Stanley Diaz,100356,Terminal 1,16/09/2024,05:50,17:00,16/09/2024
Stanley Diaz,100356,Terminal 1,17/09/2024,06:50,17:00,17/09/2024
Stephanie Allen,100357,Terminal 1,17/09/2024,03:50,14:00,17/09/2024
Stephen Diaz,100358,Terminal 2,15/09/2024,07:50,18:00,15/09/2024
Stephen Diaz,100358,Terminal 2,16/09/2024,07:50,18:00,16/09/2024
Steve Hayes,100359,Terminal 2,15/09/2024,09:50,20:00,15/09/2024
Steve Hayes,100359,Terminal 2,16/09/2024,09:50,20:00,16/09/2024
Steve Hayes,100359,Terminal 2,17/09/2024,09:50,20:00,17/09/2024
Steven Brooks,100360,Terminal 2,17/09/2024,18:50,07:00,18/09/2024
Stuart Griffin,100361,Terminal 1,15/09/2024,03:50,14:00,15/09/2024
Stuart Griffin,100361,Terminal 1,16/09/2024,03:50,14:00,16/09/2024
Summer Mitchell,100362,Terminal 2,17/09/2024,13:50,22:00,17/09/2024
Susan Rivera,100363,Terminal 1,15/09/2024,21:00,07:50,16/09/2024
Susan Rivera,100363,Terminal 1,16/09/2024,18:50,07:00,17/09/2024
Suzanne Foster,100364,Terminal 2,15/09/2024,08:50,19:00,15/09/2024
Suzanne Foster,100364,Terminal 2,16/09/2024,08:50,19:00,16/09/2024
Sylvia Torres,100365,Terminal 1,15/09/2024,04:50,15:00,15/09/2024
Sylvia Torres,100365,Terminal 1,16/09/2024,04:50,14:30,16/09/2024
Tabitha Carter,100366,Terminal 1,16/09/2024,03:50,14:00,16/09/2024
Tabitha Carter,100366,Terminal 1,17/09/2024,03:50,14:00,17/09/2024
Tammy Reed,100367,Terminal 1,16/09/2024,12:50,22:00,16/09/2024
Tammy Reed,100367,Terminal 1,17/09/2024,12:50,22:00,17/09/2024
Tara Sullivan,100368,Terminal 2,15/09/2024,05:50,17:00,15/09/2024
Tara Sullivan,100368,Terminal 2,16/09/2024,05:50,17:00,16/09/2024
Tara Sullivan,100368,Terminal 2,17/09/2024,05:50,17:00,17/09/2024
Taylor Smith,100369,Terminal 1,15/09/2024,13:30,22:00,15/09/2024
Ted Hart,100370,Terminal 1,15/09/2024,11:50,21:00,15/09/2024
Teresa Diaz,100371,Terminal 1,14/09/2024,18:50,07:00,15/09/2024
Terrence Powell,100372,Terminal 1,16/09/2024,13:50,20:00,16/09/2024
Terrence Powell,100372,Terminal 1,17/09/2024,13:50,20:00,17/09/2024
Terry Cooper,100373,Terminal 1,16/09/2024,08:00,17:00,16/09/2024
Terry Cooper,100373,Terminal 1,17/09/2024,08:00,17:00,17/09/2024
Theodore Brooks,100374,Terminal 1,15/09/2024,03:50,14:00,15/09/2024
Thomas Reed,100375,Terminal 2,15/09/2024,10:50,21:00,15/09/2024
Tiffany Rivera,100376,Terminal 2,16/09/2024,05:50,17:00,16/09/2024
Tiffany Rivera,100376,Terminal 2,17/09/2024,05:50,17:00,17/09/2024
Tim Griffin,100377,Terminal 1,15/09/2024,13:50,21:00,15/09/2024
Tim Griffin,100377,Terminal 1,17/09/2024,07:00,16:00,17/09/2024
Timothy Brooks,100378,Terminal 2,15/09/2024,04:50,14:30,15/09/2024
Tina Powell,100379,Terminal 1,15/09/2024,05:50,17:00,15/09/2024
Tina Powell,100379,Terminal 1,16/09/2024,05:50,16:00,16/09/2024
Tina Powell,100379,Terminal 1,17/09/2024,05:50,16:00,17/09/2024
Todd Diaz,100380,Terminal 1,15/09/2024,12:50,22:00,15/09/2024
Tom Mitchell,100381,Terminal 1,15/09/2024,03:50,13:00,15/09/2024
Toni Brooks,100382,Terminal 1,16/09/2024,03:20,13:00,16/09/2024
Toni Brooks,100382,Terminal 1,17/09/2024,03:20,13:30,17/09/2024
Tony Hart,100383,Terminal 1,16/09/2024,04:50,15:00,16/09/2024
Tracy Davis,100384,Terminal 1,16/09/2024,23:00,07:00,17/09/2024
Tracy Davis,100384,Terminal 1,17/09/2024,23:00,07:00,18/09/2024
Travis Diaz,100385,Terminal 1,16/09/2024,05:50,17:00,16/09/2024
Travis Diaz,100385,Terminal 1,17/09/2024,05:50,17:00,17/09/2024
Trent Harris,100386,Terminal 1,16/09/2024,08:00,17:00,16/09/2024
Trent Harris,100386,Terminal 1,17/09/2024,08:00,17:00,17/09/2024
Trevor Young,100387,Terminal 1,15/09/2024,03:50,13:30,15/09/2024
Trevor Young,100387,Terminal 1,16/09/2024,04:50,15:00,16/09/2024
Trevor Young,100387,Terminal 1,17/09/2024,04:50,15:00,17/09/2024
Tricia Hart,100388,Terminal 1,15/09/2024,03:20,11:30,15/09/2024
Trina Griffin,100389,Terminal 1,15/09/2024,04:50,15:00,15/09/2024
Trina Griffin,100389,Terminal 1,16/09/2024,03:50,14:00,16/09/2024
Trina Griffin,100389,Terminal 1,17/09/2024,03:50,14:00,17/09/2024
Tristan Cooper,100390,Terminal 1,17/09/2024,03:50,13:30,17/09/2024
Troy Diaz,100391,Terminal 1,14/09/2024,20:50,07:00,15/09/2024
Troy Diaz,100391,Terminal 1,15/09/2024,20:50,07:00,16/09/2024
Tyler Ward,100392,Terminal 1,16/09/2024,12:50,19:00,16/09/2024
Tyler Ward,100392,Terminal 1,17/09/2024,12:50,19:00,17/09/2024
Valerie Powell,100393,Terminal 1,15/09/2024,03:20,11:30,15/09/2024
Vanessa Simmons,100394,Terminal 1,15/09/2024,03:50,13:30,15/09/2024
Vanessa Simmons,100394,Terminal 1,16/09/2024,04:50,15:00,16/09/2024
Vanessa Simmons,100394,Terminal 1,17/09/2024,04:50,15:00,17/09/2024
Veronica Diaz,100395,Terminal 1,15/09/2024,09:50,18:00,15/09/2024
Veronica Diaz,100395,Terminal 1,16/09/2024,09:50,18:00,16/09/2024
Veronica Diaz,100395,Terminal 1,17/09/2024,08:50,18:45,17/09/2024
Victor Brooks,100396,Terminal 1,15/09/2024,04:50,15:00,15/09/2024
Victor Brooks,100396,Terminal 1,16/09/2024,03:50,12:00,16/09/2024
Victor Brooks,100396,Terminal 1,17/09/2024,03:50,14:00,17/09/2024
Vincent Rivera,100397,Terminal 2,14/09/2024,18:50,07:00,15/09/2024
Vincent Rivera,100397,Terminal 2,15/09/2024,18:50,07:00,16/09/2024
Violet Harris,100398,Terminal 1,16/09/2024,03:50,13:00,16/09/2024
Violet Harris,100398,Terminal 1,17/09/2024,03:50,13:00,17/09/2024
Virginia Turner,100399,Terminal 1,17/09/2024,06:00,16:00,17/09/2024
Vivian Moore,100400,Terminal 1,16/09/2024,13:30,22:00,16/09/2024
Vivian Moore,100400,Terminal 1,17/09/2024,13:30,22:00,17/09/2024
Wade Brooks,100401,Terminal 1,15/09/2024,03:50,14:30,15/09/2024
Wade Brooks,100401,Terminal 1,16/09/2024,03:50,14:00,16/09/2024
Wade Brooks,100401,Terminal 1,17/09/2024,03:50,14:00,17/09/2024
Wallace Diaz,100402,Terminal 1,15/09/2024,18:50,07:00,16/09/2024
Wallace Diaz,100402,Terminal 1,16/09/2024,18:50,07:00,17/09/2024
Wallace Diaz,100402,Terminal 1,17/09/2024,18:50,07:00,18/09/2024
Wallace Diaz,100402,Terminal 2,16/09/2024,08:50,18:00,16/09/2024
Wallace Diaz,100402,Terminal 2,17/09/2024,09:50,18:00,17/09/2024
Walter Griffin,100403,Terminal 1,16/09/2024,03:50,13:00,16/09/2024
Walter Griffin,100403,Terminal 1,17/09/2024,03:50,13:00,17/09/2024
Wanda Hart,100404,Terminal 1,16/09/2024,03:20,13:00,16/09/2024
Warren Turner,100405,Terminal 2,15/09/2024,03:50,14:00,15/09/2024
Warren Turner,100405,Terminal 2,16/09/2024,03:50,14:00,16/09/2024
Wayne Rivera,100406,Terminal 1,16/09/2024,13:50,20:00,16/09/2024
Wayne Rivera,100406,Terminal 1,17/09/2024,13:50,20:00,17/09/2024
Wendy Diaz,100407,Terminal 2,15/09/2024,10:50,21:00,15/09/2024
Wesley Brooks,100408,Terminal 1,15/09/2024,13:50,22:00,15/09/2024
Whitney Sullivan,100409,Terminal 2,15/09/2024,09:50,18:00,15/09/2024
Whitney Sullivan,100409,Terminal 2,16/09/2024,09:50,18:00,16/09/2024
Whitney Sullivan,100409,Terminal 2,17/09/2024,08:50,18:45,17/09/2024
William Cooper,100410,Terminal 1,14/09/2024,20:50,07:00,15/09/2024
Willie Hart,100411,Terminal 2,14/09/2024,18:50,07:00,15/09/2024
Willie Hart,100411,Terminal 2,15/09/2024,18:50,07:00,16/09/2024
Willie Hart,100411,Terminal 2,16/09/2024,18:50,07:00,17/09/2024
Wyatt Davis,100412,Terminal 2,16/09/2024,10:50,21:00,16/09/2024
Wyatt Davis,100412,Terminal 2,17/09/2024,10:50,21:00,17/09/2024
Xavier Mitchell,100413,Terminal 1,15/09/2024,13:20,21:30,15/09/2024
Yolanda Griffin,100414,Terminal 2,15/09/2024,15:50,22:00,15/09/2024
Yolanda Griffin,100414,Terminal 2,16/09/2024,15:50,22:00,16/09/2024
Zachary Sullivan,100415,Terminal 1,15/09/2024,12:50,22:30,15/09/2024
Zoe Powell,100416,Terminal 1,16/09/2024,03:50,12:00,16/09/2024
Zoe Powell,100416,Terminal 1,17/09/2024,03:50,14:00,17/09/2024
Abby Martinez,100417,Terminal 2,14/09/2024,18:50,07:00,15/09/2024
Abby Martinez,100417,Terminal 2,15/09/2024,18:50,07:00,16/09/2024
Abby Martinez,100417,Terminal 2,16/09/2024,18:50,07:00,17/09/2024
Alex Murphy,100418,Terminal 1,15/09/2024,03:20,13:00,15/09/2024
Alex Murphy,100418,Terminal 1,16/09/2024,03:20,13:00,16/09/2024
Alex Murphy,100418,Terminal 1,17/09/2024,03:20,13:30,17/09/2024
Brianna Jones,100419,Terminal 1,15/09/2024,13:50,22:00,15/09/2024
Brooke Allen,100420,Terminal 1,15/09/2024,03:20,11:30,15/09/2024
Brooke Allen,100420,Terminal 1,16/09/2024,03:50,14:00,16/09/2024
Calvin Davis,100421,Terminal 1,15/09/2024,12:50,22:00,15/09/2024
Calvin Davis,100421,Terminal 1,16/09/2024,12:50,22:00,16/09/2024
Caroline Johnson,100422,Terminal 2,16/09/2024,03:50,14:00,16/09/2024
Caroline Johnson,100422,Terminal 2,17/09/2024,03:50,14:00,17/09/2024
Cassandra Knight,100423,Terminal 1,14/09/2024,20:50,07:00,15/09/2024
Charles Foster,100424,Terminal 1,16/09/2024,05:50,16:00,16/09/2024
Charles Foster,100424,Terminal 1,17/09/2024,05:50,16:00,17/09/2024
Christina Diaz,100425,Terminal 1,15/09/2024,12:50,19:00,15/09/2024
Damian Davis,100426,Terminal 1,15/09/2024,03:50,14:00,15/09/2024
Damian Davis,100426,Terminal 1,16/09/2024,03:50,14:00,16/09/2024
Dawn Jones,100427,Terminal 1,16/09/2024,13:50,20:00,16/09/2024
Dawn Jones,100427,Terminal 1,17/09/2024,13:50,20:00,17/09/2024
Eliza McDonald,100428,Terminal 1,16/09/2024,03:20,12:00,16/09/2024
Eliza McDonald,100428,Terminal 1,17/09/2024,03:20,12:00,17/09/2024
Erica Griffin,100429,Terminal 2,17/09/2024,15:50,22:00,17/09/2024
Frankie Turner,100430,Terminal 1,16/09/2024,03:50,13:00,16/09/2024
Frankie Turner,100430,Terminal 1,17/09/2024,03:50,13:00,17/09/2024
Gabrielle Collins,100431,Terminal 1,15/09/2024,03:50,13:30,15/09/2024
Gabrielle Collins,100431,Terminal 1,16/09/2024,03:50,13:30,16/09/2024
Hayden Diaz,100432,Terminal 1,16/09/2024,03:50,14:00,16/09/2024
Jada Sullivan,100433,Terminal 1,15/09/2024,12:50,22:00,15/09/2024
Jada Sullivan,100433,Terminal 1,17/09/2024,08:00,16:00,17/09/2024
Jamie Collins,100434,Terminal 1,15/09/2024,03:50,14:00,15/09/2024
Joanna Sullivan,100435,Terminal 1,15/09/2024,03:50,14:00,15/09/2024
Joanna Sullivan,100435,Terminal 1,16/09/2024,03:50,14:00,16/09/2024
Johnathan McDonald,100436,Terminal 1,15/09/2024,12:50,22:30,15/09/2024
Johnathan McDonald,100436,Terminal 1,16/09/2024,12:50,22:30,16/09/2024
Johnathan McDonald,100436,Terminal 1,17/09/2024,12:50,22:00,17/09/2024
Kelsey Morgan,100437,Terminal 1,15/09/2024,12:50,22:00,15/09/2024
Kelsey Morgan,100437,Terminal 1,16/09/2024,12:50,22:00,16/09/2024
Kelsey Morgan,100437,Terminal 1,17/09/2024,12:50,22:00,17/09/2024
Leo Jones,100438,Terminal 1,16/09/2024,21:00,07:00,17/09/2024
Leo Jones,100438,Terminal 1,17/09/2024,21:00,07:00,18/09/2024
Mia Johnson,100439,Terminal 1,16/09/2024,21:00,07:00,17/09/2024
Mia Johnson,100439,Terminal 1,17/09/2024,21:00,07:00,18/09/2024
Nolan Williams,100440,Terminal 1,15/09/2024,03:50,14:00,15/09/2024
Nolan Williams,100440,Terminal 1,16/09/2024,03:50,14:00,16/09/2024
Owen Collins,100441,Terminal 1,15/09/2024,03:20,11:30,15/09/2024
Owen Collins,100441,Terminal 1,17/09/2024,14:00,20:00,17/09/2024
Parker Davis,100442,Terminal 1,15/09/2024,03:50,14:30,15/09/2024
Quinn Sullivan,100443,Terminal 2,16/09/2024,18:50,07:00,17/09/2024
Quinn Sullivan,100443,Terminal 2,17/09/2024,18:50,07:00,18/09/2024
Reagan White,100444,Terminal 1,16/09/2024,18:50,07:00,17/09/2024
Reagan White,100444,Terminal 1,17/09/2024,18:50,07:00,18/09/2024
Ruby Brown,100445,Terminal 1,16/09/2024,13:50,23:00,16/09/2024
Sawyer Torres,100446,Terminal 1,16/09/2024,03:50,14:00,16/09/2024
Sawyer Torres,100446,Terminal 1,17/09/2024,04:50,15:00,17/09/2024
Sierra Turner,100447,Terminal 1,15/09/2024,10:50,19:00,15/09/2024
Spencer Davis,100448,Terminal 1,16/09/2024,03:50,14:00,16/09/2024
Taylor White,100449,Terminal 1,15/09/2024,03:20,11:30,15/09/2024
Trent Sullivan,100450,Terminal 2,16/09/2024,03:50,14:00,16/09/2024
Trent Sullivan,100450,Terminal 2,17/09/2024,03:50,14:00,17/09/2024
Vanessa Turner,100451,Terminal 1,15/09/2024,10:50,19:00,15/09/2024
Vanessa Turner,100451,Terminal 1,16/09/2024,08:20,16:00,16/09/2024
Vanessa Turner,100451,Terminal 1,17/09/2024,12:20,21:00,17/09/2024
Warren Jones,100452,Terminal 1,16/09/2024,07:00,19:00,16/09/2024
Zachary Johnson,100453,Terminal 1,16/09/2024,12:50,19:00,16/09/2024
Zachary Johnson,100453,Terminal 1,17/09/2024,12:50,19:00,17/09/2024
Aimee Lewis,100454,Terminal 1,16/09/2024,03:50,13:00,16/09/2024
Aimee Lewis,100454,Terminal 1,17/09/2024,03:50,13:00,17/09/2024
Alexis Brown,100455,Terminal 1,16/09/2024,12:50,22:00,16/09/2024
Alexis Brown,100455,Terminal 1,17/09/2024,12:50,22:00,17/09/2024
Alvin Knight,100456,Terminal 1,16/09/2024,05:50,17:00,16/09/2024
Alvin Knight,100456,Terminal 1,17/09/2024,05:50,17:00,17/09/2024
Bianca Anderson,100457,Terminal 1,16/09/2024,03:50,14:00,16/09/2024
Bianca Anderson,100457,Terminal 1,17/09/2024,04:50,15:00,17/09/2024
Bobby Miller,100458,Terminal 2,17/09/2024,04:50,15:00,17/09/2024
Bryson Johnson,100459,Terminal 1,15/09/2024,09:50,19:00,15/09/2024
Bryson Johnson,100459,Terminal 1,16/09/2024,09:50,19:00,16/09/2024
Bryson Johnson,100459,Terminal 1,17/09/2024,09:50,19:00,17/09/2024
Cynthia Turner,100460,Terminal 1,15/09/2024,03:50,14:00,15/09/2024
Cynthia Turner,100460,Terminal 1,16/09/2024,03:50,14:00,16/09/2024
Dana Brown,100461,Terminal 1,15/09/2024,13:50,23:00,15/09/2024
Dana Brown,100461,Terminal 1,16/09/2024,13:50,23:00,16/09/2024
Daniel Carter,100462,Terminal 1,16/09/2024,13:50,20:00,16/09/2024
Daniel Carter,100462,Terminal 1,17/09/2024,13:50,20:00,17/09/2024
Dexter Adams,100463,Terminal 2,17/09/2024,03:50,12:00,17/09/2024
Everett Davis,100464,Terminal 2,15/09/2024,03:50,10:00,15/09/2024
Everett Davis,100464,Terminal 2,16/09/2024,03:50,10:00,16/09/2024
Gianna Martin,100465,Terminal 1,15/09/2024,03:50,12:00,15/09/2024
Gianna Martin,100465,Terminal 1,16/09/2024,03:50,14:00,16/09/2024
Grant Lewis,100466,Terminal 1,15/09/2024,04:50,15:00,15/09/2024
Grant Lewis,100466,Terminal 1,16/09/2024,04:50,15:00,16/09/2024
Grant Lewis,100466,Terminal 1,17/09/2024,04:50,15:00,17/09/2024
Heather Garcia,100467,Terminal 2,15/09/2024,04:50,15:00,15/09/2024
Heather Garcia,100467,Terminal 2,16/09/2024,04:50,14:30,16/09/2024
Hunter Moore,100468,Terminal 2,16/09/2024,12:20,21:00,16/09/2024
Hunter Moore,100468,Terminal 2,17/09/2024,12:20,21:00,17/09/2024
Isla Williams,100469,Terminal 1,15/09/2024,03:20,11:30,15/09/2024
Isla Williams,100469,Terminal 1,17/09/2024,06:00,14:00,17/09/2024
Jana Brown,100470,Terminal 1,15/09/2024,22:00,08:00,16/09/2024
Jana Brown,100470,Terminal 1,17/09/2024,13:50,23:00,17/09/2024
Jaxon Lewis,100471,Terminal 1,17/09/2024,03:50,13:30,17/09/2024
Jordan Brooks,100472,Terminal 1,15/09/2024,04:50,15:00,15/09/2024
Jordan Brooks,100472,Terminal 1,16/09/2024,05:50,16:00,16/09/2024
Jordan Brooks,100472,Terminal 1,17/09/2024,05:50,14:00,17/09/2024
Kendra Moore,100473,Terminal 1,17/09/2024,03:50,14:00,17/09/2024
Kingston Allen,100474,Terminal 1,16/09/2024,18:50,07:00,17/09/2024
Kingston Allen,100474,Terminal 1,17/09/2024,18:50,07:00,18/09/2024
Kylie Turner,100475,Terminal 1,15/09/2024,13:50,21:00,15/09/2024
Kylie Turner,100475,Terminal 1,17/09/2024,07:00,16:00,17/09/2024
Maddox Foster,100476,Terminal 1,15/09/2024,03:50,14:00,15/09/2024
Maddox Foster,100476,Terminal 1,16/09/2024,03:50,14:00,16/09/2024
Maddox Foster,100476,Terminal 1,17/09/2024,03:50,14:00,17/09/2024
Melissa Morgan,100477,Terminal 1,15/09/2024,03:50,14:00,15/09/2024
Natalie Adams,100478,Terminal 2,14/09/2024,18:50,07:00,15/09/2024
Natalie Adams,100478,Terminal 2,15/09/2024,18:50,07:00,16/09/2024
Natalie Adams,100478,Terminal 2,16/09/2024,18:50,07:00,17/09/2024
Paige Knight,100479,Terminal 1,16/09/2024,09:50,16:00,16/09/2024
Paige Knight,100479,Terminal 1,17/09/2024,09:50,16:00,17/09/2024
Patrick Adams,100480,Terminal 1,15/09/2024,12:50,22:30,15/09/2024
Patrick Adams,100480,Terminal 1,16/09/2024,12:50,22:30,16/09/2024
Patrick Adams,100480,Terminal 1,17/09/2024,12:50,22:00,17/09/2024
Reece Johnson,100481,Terminal 1,17/09/2024,13:50,22:00,17/09/2024
Regina White,100482,Terminal 1,17/09/2024,13:50,23:00,17/09/2024
Roman Lewis,100483,Terminal 2,15/09/2024,04:50,14:30,15/09/2024
Scarlett Morgan,100484,Terminal 1,16/09/2024,20:00,07:00,17/09/2024
Scarlett Morgan,100484,Terminal 1,17/09/2024,20:00,07:00,18/09/2024
Sheldon Green,100485,Terminal 1,15/09/2024,03:20,11:30,15/09/2024
Sydney Brooks,100486,Terminal 1,16/09/2024,08:00,17:00,16/09/2024
Sydney Brooks,100486,Terminal 1,17/09/2024,08:00,17:00,17/09/2024
Thalia Mitchell,100487,Terminal 1,16/09/2024,08:00,16:00,16/09/2024
Thalia Mitchell,100487,Terminal 1,17/09/2024,08:00,16:00,17/09/2024
Ursula White,100488,Terminal 2,15/09/2024,09:50,18:00,15/09/2024
Ursula White,100488,Terminal 2,16/09/2024,09:50,18:00,16/09/2024
Vaughn Davis,100489,Terminal 2,14/09/2024,18:50,07:00,15/09/2024
Vaughn Davis,100489,Terminal 2,15/09/2024,18:50,07:00,16/09/2024
Weston Foster,100490,Terminal 2,16/09/2024,13:30,22:00,16/09/2024
Weston Foster,100490,Terminal 2,17/09/2024,13:30,22:00,17/09/2024
Zane Moore,100491,Terminal 2,15/09/2024,08:50,19:00,15/09/2024
Zane Moore,100491,Terminal 2,16/09/2024,08:50,19:00,16/09/2024
Zane Moore,100491,Terminal 2,17/09/2024,09:50,20:00,17/09/2024
Adele Edwards,100492,Terminal 2,15/09/2024,03:50,14:00,15/09/2024
Amelia Reed,100493,Terminal 1,16/09/2024,08:00,17:00,16/09/2024
Amelia Reed,100493,Terminal 1,17/09/2024,08:00,17:00,17/09/2024
Briella Scott,100494,Terminal 2,15/09/2024,15:50,22:00,15/09/2024
Briella Scott,100494,Terminal 2,16/09/2024,15:50,22:00,16/09/2024
Caleb Hart,100495,Terminal 1,15/09/2024,04:50,15:00,15/09/2024
Caleb Hart,100495,Terminal 1,16/09/2024,04:50,15:00,16/09/2024
Candace Green,100496,Terminal 1,16/09/2024,13:50,20:00,16/09/2024
Candace Green,100496,Terminal 1,17/09/2024,13:50,20:00,17/09/2024
Carter Mitchell,100497,Terminal 2,17/09/2024,03:50,12:00,17/09/2024
Damon Moore,100498,Terminal 1,15/09/2024,13:50,21:00,15/09/2024
Derek Lewis,100499,Terminal 1,17/09/2024,03:20,11:30,17/09/2024
Elijah Reed,100500,Terminal 1,15/09/2024,04:50,15:00,15/09/2024
Evelyn Allen,100501,Terminal 1,16/09/2024,03:20,12:00,16/09/2024
Evelyn Allen,100501,Terminal 1,17/09/2024,03:20,12:00,17/09/2024
Finn Reed,100502,Terminal 1,17/09/2024,03:50,14:00,17/09/2024
Hazel Cooper,100503,Terminal 1,15/09/2024,03:50,14:00,15/09/2024
Isaac Edwards,100504,Terminal 1,15/09/2024,03:50,14:30,15/09/2024
Isaac Edwards,100504,Terminal 1,16/09/2024,03:20,13:00,16/09/2024
Isaac Edwards,100504,Terminal 1,17/09/2024,03:20,12:30,17/09/2024
Ivy Scott,100505,Terminal 1,14/09/2024,20:50,07:00,15/09/2024
Ivy Scott,100505,Terminal 1,15/09/2024,20:50,07:00,16/09/2024
Jackson Reed,100506,Terminal 1,15/09/2024,09:50,19:00,15/09/2024
Jackson Reed,100506,Terminal 1,16/09/2024,09:50,19:00,16/09/2024
Jayden Hart,100507,Terminal 1,15/09/2024,03:20,11:30,15/09/2024
Kayla Reed,100508,Terminal 1,15/09/2024,12:50,21:00,15/09/2024
Layla Edwards,100509,Terminal 1,16/09/2024,03:20,09:30,16/09/2024
Maddie White,100510,Terminal 1,15/09/2024,03:50,14:00,15/09/2024
Mae Johnson,100511,Terminal 1,15/09/2024,03:50,14:30,15/09/2024
Oliver Reed,100512,Terminal 2,17/09/2024,03:50,13:30,17/09/2024
Penelope Reed,100513,Terminal 1,17/09/2024,08:50,19:00,17/09/2024
Reuben White,100514,Terminal 2,14/09/2024,18:50,07:00,15/09/2024
Reuben White,100514,Terminal 2,15/09/2024,18:50,07:00,16/09/2024
Reuben White,100514,Terminal 2,16/09/2024,18:50,07:00,17/09/2024
Reuben White,100514,Terminal 2,17/09/2024,18:50,07:00,18/09/2024
Rowan Hart,100515,Terminal 1,15/09/2024,12:50,22:00,15/09/2024
Sienna Brown,100516,Terminal 2,17/09/2024,13:50,22:00,17/09/2024
Solomon Allen,100517,Terminal 2,15/09/2024,04:50,14:30,15/09/2024
Spencer Scott,100518,Terminal 1,15/09/2024,03:50,14:00,15/09/2024
Spencer Scott,100518,Terminal 1,16/09/2024,03:50,14:00,16/09/2024
Tara White,100519,Terminal 1,16/09/2024,05:50,16:00,16/09/2024
Tara White,100519,Terminal 1,17/09/2024,05:50,14:00,17/09/2024
Vivian Reed,100520,Terminal 1,15/09/2024,03:50,15:00,15/09/2024
Wyatt Reed,100521,Terminal 1,15/09/2024,06:50,17:00,15/09/2024
Wyatt Reed,100521,Terminal 1,16/09/2024,06:50,16:00,16/09/2024
Xavier Scott,100522,Terminal 1,15/09/2024,08:50,19:00,15/09/2024
Xavier Scott,100522,Terminal 1,16/09/2024,08:50,19:00,16/09/2024
Zoe Hart,100523,Terminal 1,14/09/2024,18:30,07:00,15/09/2024
Zoe Hart,100523,Terminal 1,15/09/2024,22:00,08:00,16/09/2024
Aubrey Allen,100524,Terminal 1,15/09/2024,04:50,15:00,15/09/2024
Aubrey Allen,100524,Terminal 1,16/09/2024,04:50,15:00,16/09/2024
Braden Foster,100525,Terminal 2,15/09/2024,03:50,14:00,15/09/2024
Chloe Scott,100526,Terminal 1,15/09/2024,05:50,16:00,15/09/2024
Chloe Scott,100526,Terminal 1,16/09/2024,05:50,16:00,16/09/2024
Dylan Johnson,100527,Terminal 1,15/09/2024,13:50,23:00,15/09/2024
Dylan Johnson,100527,Terminal 1,16/09/2024,13:50,23:00,16/09/2024
Finn Davis,100528,Terminal 1,15/09/2024,04:50,15:00,15/09/2024
Finn Davis,100528,Terminal 1,16/09/2024,04:50,14:30,16/09/2024
Finn Davis,100528,Terminal 1,17/09/2024,04:50,15:00,17/09/2024
Gabriella Foster,100529,Terminal 1,17/09/2024,03:50,12:00,17/09/2024
Henry White,100530,Terminal 1,15/09/2024,13:20,21:30,15/09/2024
Isabella Brown,100531,Terminal 1,15/09/2024,03:50,14:00,15/09/2024
Isabella Brown,100531,Terminal 1,16/09/2024,03:50,14:00,16/09/2024
Isabella Brown,100531,Terminal 1,17/09/2024,03:50,14:00,17/09/2024
Jason Hart,100532,Terminal 1,15/09/2024,12:50,22:00,15/09/2024
Jason Hart,100532,Terminal 1,16/09/2024,13:50,23:00,16/09/2024
Julian Brown,100533,Terminal 1,16/09/2024,05:50,16:00,16/09/2024
Kennedy Johnson,100534,Terminal 2,16/09/2024,10:50,21:00,16/09/2024
Kennedy Johnson,100534,Terminal 2,17/09/2024,10:50,21:00,17/09/2024
Liam Mitchell,100535,Terminal 1,16/09/2024,05:50,16:00,16/09/2024
Liam Mitchell,100535,Terminal 1,17/09/2024,05:50,16:00,17/09/2024
Maya Brown,100536,Terminal 1,15/09/2024,12:50,22:00,15/09/2024
Maya Brown,100536,Terminal 1,16/09/2024,12:50,22:00,16/09/2024
Maya Brown,100536,Terminal 1,17/09/2024,12:50,22:00,17/09/2024
Nora Johnson,100537,Terminal 1,17/09/2024,13:50,23:00,17/09/2024
Oliver Scott,100538,Terminal 1,14/09/2024,18:50,07:00,15/09/2024
Oliver Scott,100538,Terminal 1,15/09/2024,18:50,07:00,16/09/2024
Oliver Scott,100538,Terminal 1,16/09/2024,18:50,07:00,17/09/2024
Peyton Davis,100539,Terminal 2,15/09/2024,04:50,15:00,15/09/2024
Peyton Davis,100539,Terminal 2,16/09/2024,04:50,15:00,16/09/2024
Peyton Davis,100539,Terminal 2,17/09/2024,04:50,15:00,17/09/2024
Reece Hart,100540,Terminal 1,15/09/2024,03:50,14:00,15/09/2024
Reece Hart,100540,Terminal 1,16/09/2024,03:50,14:00,16/09/2024
Ruby Scott,100541,Terminal 1,15/09/2024,05:50,16:30,15/09/2024
Serena White,100542,Terminal 1,15/09/2024,03:20,11:30,15/09/2024
Simon Brown,100543,Terminal 1,15/09/2024,03:50,14:30,15/09/2024
Stella Johnson,100544,Terminal 1,15/09/2024,03:50,14:30,15/09/2024
Stella Johnson,100544,Terminal 1,16/09/2024,04:50,15:00,16/09/2024
Toby Hart,100545,Terminal 1,15/09/2024,09:50,19:00,15/09/2024
Victoria Johnson,100546,Terminal 1,15/09/2024,04:50,15:00,15/09/2024
Victoria Johnson,100546,Terminal 1,16/09/2024,04:50,15:00,16/09/2024
Zander Scott,100547,Terminal 1,15/09/2024,03:50,14:30,15/09/2024
Zander Scott,100547,Terminal 1,16/09/2024,03:50,14:30,16/09/2024
Bryce Lewis,100548,Terminal 2,16/09/2024,08:00,17:00,16/09/2024
Bryce Lewis,100548,Terminal 2,17/09/2024,08:00,17:00,17/09/2024
Colton Foster,100549,Terminal 1,15/09/2024,04:50,12:30,15/09/2024
Colton Foster,100549,Terminal 1,16/09/2024,04:50,12:15,16/09/2024
Dwayne Lewis,100550,Terminal 1,16/09/2024,03:50,13:00,16/09/2024
Elliot Hart,100551,Terminal 1,15/09/2024,11:50,21:00,15/09/2024
Elliot Hart,100551,Terminal 1,16/09/2024,12:20,21:00,16/09/2024
Fiona Scott,100552,Terminal 2,16/09/2024,03:50,14:00,16/09/2024
Fiona Scott,100552,Terminal 2,17/09/2024,04:50,15:00,17/09/2024
Garrett White,100553,Terminal 1,16/09/2024,03:50,14:00,16/09/2024
Garrett White,100553,Terminal 1,17/09/2024,03:50,14:00,17/09/2024
Harry Lewis,100554,Terminal 1,15/09/2024,04:50,15:00,15/09/2024
Harry Lewis,100554,Terminal 1,16/09/2024,04:50,15:00,16/09/2024
Ivy Lewis,100555,Terminal 2,15/09/2024,08:50,19:00,15/09/2024
Ivy Lewis,100555,Terminal 2,16/09/2024,08:50,19:00,16/09/2024
Julia Foster,100556,Terminal 2,16/09/2024,03:50,14:00,16/09/2024
Julia Foster,100556,Terminal 2,17/09/2024,03:50,14:00,17/09/2024
Liam Brooks,100557,Terminal 1,16/09/2024,13:50,20:00,16/09/2024
Liam Brooks,100557,Terminal 1,17/09/2024,13:50,20:00,17/09/2024
Olivia Brown,100558,Terminal 2,14/09/2024,18:50,07:00,15/09/2024
Olivia Brown,100558,Terminal 2,15/09/2024,18:50,07:00,16/09/2024
Olivia Brown,100558,Terminal 2,16/09/2024,18:50,07:00,17/09/2024
Quinn Lewis,100559,Terminal 1,16/09/2024,03:50,14:00,16/09/2024
Quinn Lewis,100559,Terminal 1,17/09/2024,03:50,14:00,17/09/2024
Ryan Scott,100560,Terminal 1,15/09/2024,13:30,22:00,15/09/2024
Savannah Brown,100561,Terminal 1,15/09/2024,12:50,22:00,15/09/2024
Savannah Brown,100561,Terminal 1,17/09/2024,14:00,20:00,17/09/2024
Taylor Foster,100562,Terminal 1,17/09/2024,06:50,15:00,17/09/2024
Violet Brown,100563,Terminal 1,17/09/2024,06:50,18:00,17/09/2024
Xavier Allen,100564,Terminal 1,16/09/2024,08:50,18:00,16/09/2024
Xavier Allen,100564,Terminal 1,17/09/2024,09:50,18:00,17/09/2024
Zachary White,100565,Terminal 1,15/09/2024,03:50,13:00,15/09/2024
Alice Davis,100566,Terminal 1,16/09/2024,03:50,13:30,16/09/2024
Alice Davis,100566,Terminal 1,17/09/2024,03:50,13:30,17/09/2024
Beau Scott,100567,Terminal 1,15/09/2024,03:50,13:30,15/09/2024
Beau Scott,100567,Terminal 1,16/09/2024,03:50,13:30,16/09/2024
Caleb Allen,100568,Terminal 1,14/09/2024,20:50,07:00,15/09/2024
Caleb Allen,100568,Terminal 1,16/09/2024,20:00,07:00,17/09/2024
Caleb Allen,100568,Terminal 1,17/09/2024,20:00,07:00,18/09/2024
Daria Hart,100569,Terminal 1,17/09/2024,12:50,21:00,17/09/2024
Evelyn Foster,100570,Terminal 1,15/09/2024,05:50,16:00,15/09/2024
Evelyn Foster,100570,Terminal 1,17/09/2024,05:50,17:00,17/09/2024
Finnley Brown,100571,Terminal 1,14/09/2024,18:50,07:00,15/09/2024
Finnley Brown,100571,Terminal 1,15/09/2024,18:50,07:00,16/09/2024
Finnley Brown,100571,Terminal 1,16/09/2024,18:50,07:00,17/09/2024
Gabriel Scott,100572,Terminal 2,16/09/2024,15:50,22:00,16/09/2024
Gabriel Scott,100572,Terminal 2,17/09/2024,15:50,22:00,17/09/2024
Hannah Brown,100573,Terminal 2,17/09/2024,08:50,19:00,17/09/2024
Isabella Lewis,100574,Terminal 1,16/09/2024,05:50,16:00,16/09/2024
Isabella Lewis,100574,Terminal 1,17/09/2024,05:50,16:00,17/09/2024
Jacob Allen,100575,Terminal 1,16/09/2024,21:00,07:00,17/09/2024
Jacob Allen,100575,Terminal 1,17/09/2024,21:00,07:00,18/09/2024
Kyle Foster,100576,Terminal 2,15/09/2024,13:30,22:00,15/09/2024
Kyle Foster,100576,Terminal 2,16/09/2024,13:50,20:00,16/09/2024
Lila White,100577,Terminal 1,17/09/2024,13:50,20:00,17/09/2024
Miles Foster,100578,Terminal 1,17/09/2024,03:50,13:00,17/09/2024
Nora Lewis,100579,Terminal 1,15/09/2024,03:50,13:30,15/09/2024
Nora Lewis,100579,Terminal 1,16/09/2024,03:50,13:30,16/09/2024
Paisley Brown,100580,Terminal 2,15/09/2024,03:50,12:00,15/09/2024
Paisley Brown,100580,Terminal 2,16/09/2024,03:50,14:00,16/09/2024
Paisley Brown,100580,Terminal 2,17/09/2024,03:50,14:00,17/09/2024
Quinn Brown,100581,Terminal 1,15/09/2024,03:50,14:00,15/09/2024
Ronan White,100582,Terminal 2,15/09/2024,06:50,16:00,15/09/2024
Ronan White,100582,Terminal 2,16/09/2024,06:50,16:00,16/09/2024
Savannah Johnson,100583,Terminal 1,16/09/2024,09:50,19:00,16/09/2024
Savannah Johnson,100583,Terminal 1,17/09/2024,09:50,19:00,17/09/2024
Tristan Lewis,100584,Terminal 1,15/09/2024,03:20,11:30,15/09/2024
Tristan Lewis,100584,Terminal 1,16/09/2024,06:00,16:00,16/09/2024
Tristan Lewis,100584,Terminal 1,17/09/2024,06:00,18:00,17/09/2024
Ulysses Scott,100585,Terminal 2,15/09/2024,09:50,18:00,15/09/2024
Ulysses Scott,100585,Terminal 2,16/09/2024,09:50,18:00,16/09/2024
Ulysses Scott,100585,Terminal 2,17/09/2024,08:50,18:45,17/09/2024
Weston Brown,100586,Terminal 1,16/09/2024,03:50,14:00,16/09/2024
Weston Brown,100586,Terminal 1,17/09/2024,03:50,14:00,17/09/2024
Zachary Davis,100587,Terminal 1,16/09/2024,03:50,14:00,16/09/2024
Abigail Allen,100588,Terminal 2,15/09/2024,03:50,16:00,15/09/2024
Abigail Allen,100588,Terminal 2,16/09/2024,03:50,14:00,16/09/2024
Abigail Allen,100588,Terminal 2,17/09/2024,03:50,14:00,17/09/2024
Brianna Brown,100589,Terminal 1,15/09/2024,07:50,16:00,15/09/2024
Brianna Brown,100589,Terminal 1,17/09/2024,07:50,16:00,17/09/2024
Connor Scott,100590,Terminal 1,16/09/2024,03:50,12:00,16/09/2024
Connor Scott,100590,Terminal 1,17/09/2024,03:50,12:00,17/09/2024
Dean White,100591,Terminal 2,17/09/2024,03:50,13:30,17/09/2024
Emmett Lewis,100592,Terminal 1,15/09/2024,13:50,22:00,15/09/2024
Frances Scott,100593,Terminal 1,16/09/2024,03:20,12:00,16/09/2024
Frances Scott,100593,Terminal 1,17/09/2024,03:20,12:00,17/09/2024
George White,100594,Terminal 1,16/09/2024,05:50,16:00,16/09/2024
George White,100594,Terminal 1,17/09/2024,05:50,14:00,17/09/2024
Hazel Allen,100595,Terminal 2,17/09/2024,03:50,10:00,17/09/2024
Imogen Lewis,100596,Terminal 1,14/09/2024,20:50,07:00,15/09/2024
Imogen Lewis,100596,Terminal 1,15/09/2024,20:50,07:00,16/09/2024
Jameson Hart,100597,Terminal 1,15/09/2024,13:50,23:00,15/09/2024
Jameson Hart,100597,Terminal 1,16/09/2024,13:50,23:00,16/09/2024
Kevin Allen,100598,Terminal 1,16/09/2024,03:50,13:00,16/09/2024
Kevin Allen,100598,Terminal 1,17/09/2024,03:50,13:00,17/09/2024
Leo Scott,100599,Terminal 1,16/09/2024,03:50,13:30,16/09/2024
Leo Scott,100599,Terminal 1,17/09/2024,03:50,13:30,17/09/2024
Madeleine Johnson,100600,Terminal 1,16/09/2024,03:50,13:00,16/09/2024
Madeleine Johnson,100600,Terminal 1,17/09/2024,03:50,13:00,17/09/2024
Natalie Davis,100601,Terminal 1,15/09/2024,03:50,12:00,15/09/2024
Natalie Davis,100601,Terminal 1,16/09/2024,03:50,14:00,16/09/2024
Natalie Davis,100601,Terminal 1,17/09/2024,03:50,14:00,17/09/2024
Oliver Hart,100602,Terminal 1,16/09/2024,07:50,18:00,16/09/2024
Oliver Hart,100602,Terminal 1,17/09/2024,08:50,18:00,17/09/2024
Poppy Brown,100603,Terminal 1,17/09/2024,18:50,07:00,18/09/2024
Quentin Lewis,100604,Terminal 2,15/09/2024,15:50,22:00,15/09/2024
Quentin Lewis,100604,Terminal 2,16/09/2024,15:50,22:00,16/09/2024
Reagan Johnson,100605,Terminal 1,15/09/2024,06:50,18:00,15/09/2024
Ryder Foster,100606,Terminal 2,16/09/2024,03:50,13:30,16/09/2024
Ryder Foster,100606,Terminal 2,17/09/2024,03:50,13:30,17/09/2024
Scarlett Scott,100607,Terminal 1,15/09/2024,12:50,22:00,15/09/2024
Scarlett Scott,100607,Terminal 1,16/09/2024,12:50,22:00,16/09/2024
Scarlett Scott,100607,Terminal 1,17/09/2024,12:50,22:00,17/09/2024
Theodore White,100608,Terminal 1,15/09/2024,05:50,16:00,15/09/2024
Ursula Scott,100609,Terminal 1,15/09/2024,03:50,13:00,15/09/2024
Vanessa Davis,100610,Terminal 1,15/09/2024,13:30,22:00,15/09/2024
Willow Brown,100611,Terminal 2,15/09/2024,03:50,14:00,15/09/2024
Willow Brown,100611,Terminal 2,16/09/2024,03:50,13:30,16/09/2024
Willow Brown,100611,Terminal 2,17/09/2024,06:00,12:00,17/09/2024
Xavier Lewis,100612,Terminal 2,15/09/2024,05:50,17:00,15/09/2024
Xavier Lewis,100612,Terminal 2,16/09/2024,05:50,17:00,16/09/2024
Xavier Lewis,100612,Terminal 2,17/09/2024,05:50,17:00,17/09/2024
Yvette Scott,100613,Terminal 1,15/09/2024,03:50,13:30,15/09/2024
Yvette Scott,100613,Terminal 1,16/09/2024,03:50,13:30,16/09/2024
Yvette Scott,100613,Terminal 1,17/09/2024,03:50,13:30,17/09/2024
Zoe Johnson,100614,Terminal 1,17/09/2024,09:50,18:00,17/09/2024
Ashton Brown,100615,Terminal 1,15/09/2024,03:50,14:00,15/09/2024
Brinley White,100616,Terminal 2,17/09/2024,15:50,22:00,17/09/2024
Cameron Hart,100617,Terminal 1,15/09/2024,03:20,13:00,15/09/2024
Daniel Scott,100618,Terminal 1,14/09/2024,20:50,07:00,15/09/2024
Daniel Scott,100618,Terminal 1,15/09/2024,20:50,07:00,16/09/2024
Ellie Davis,100619,Terminal 1,16/09/2024,03:50,13:00,16/09/2024
Ellie Davis,100619,Terminal 1,17/09/2024,03:50,13:00,17/09/2024
Flynn Brown,100620,Terminal 2,16/09/2024,03:50,13:30,16/09/2024
Flynn Brown,100620,Terminal 2,17/09/2024,04:50,14:30,17/09/2024
Gabrielle Johnson,100621,Terminal 2,15/09/2024,04:50,14:30,15/09/2024
Gabrielle Johnson,100621,Terminal 2,16/09/2024,06:00,16:00,16/09/2024
Harley Lewis,100622,Terminal 1,15/09/2024,13:50,23:00,15/09/2024
Harley Lewis,100622,Terminal 1,16/09/2024,13:50,23:00,16/09/2024
Iris Scott,100623,Terminal 1,15/09/2024,13:50,22:00,15/09/2024
Jacob Lewis,100624,Terminal 1,16/09/2024,05:50,16:00,16/09/2024
Jacob Lewis,100624,Terminal 1,17/09/2024,05:50,16:00,17/09/2024
Kylie Brown,100625,Terminal 2,15/09/2024,10:50,21:00,15/09/2024
Kylie Brown,100625,Terminal 2,17/09/2024,07:00,16:00,17/09/2024
Levi Davis,100626,Terminal 2,15/09/2024,03:50,13:30,15/09/2024
Levi Davis,100626,Terminal 2,16/09/2024,03:50,13:30,16/09/2024
Madeline Brown,100627,Terminal 2,15/09/2024,03:50,14:00,15/09/2024
Madeline Brown,100627,Terminal 2,16/09/2024,03:50,14:00,16/09/2024
Nolan Scott,100628,Terminal 1,15/09/2024,12:50,22:00,15/09/2024
Nolan Scott,100628,Terminal 1,16/09/2024,12:50,22:00,16/09/2024
Nolan Scott,100628,Terminal 1,17/09/2024,12:50,22:00,17/09/2024
Olivia Foster,100629,Terminal 1,15/09/2024,12:50,22:00,15/09/2024
Olivia Foster,100629,Terminal 1,17/09/2024,13:50,23:00,17/09/2024
Penelope Davis,100630,Terminal 1,16/09/2024,03:50,13:30,16/09/2024
Penelope Davis,100630,Terminal 1,17/09/2024,03:50,13:30,17/09/2024
Riley Lewis,100631,Terminal 2,16/09/2024,18:50,07:00,17/09/2024
Riley Lewis,100631,Terminal 2,17/09/2024,18:50,07:00,18/09/2024
Sophie Foster,100632,Terminal 1,15/09/2024,12:50,22:00,15/09/2024
Sophie Foster,100632,Terminal 1,16/09/2024,12:50,22:00,16/09/2024
Trent Johnson,100633,Terminal 1,15/09/2024,12:50,22:00,15/09/2024
Trent Johnson,100633,Terminal 1,16/09/2024,12:50,22:00,16/09/2024
Trent Johnson,100633,Terminal 1,17/09/2024,12:50,22:00,17/09/2024
Violet Hart,100634,Terminal 1,16/09/2024,07:50,17:00,16/09/2024
Violet Hart,100634,Terminal 1,17/09/2024,07:50,17:00,17/09/2024
Wyatt Scott,100635,Terminal 1,15/09/2024,03:50,13:30,15/09/2024
Wyatt Scott,100635,Terminal 1,16/09/2024,04:50,15:00,16/09/2024
Wyatt Scott,100635,Terminal 1,17/09/2024,04:50,15:00,17/09/2024
Zachary Brown,100636,Terminal 1,15/09/2024,03:50,14:00,15/09/2024
Zachary Brown,100636,Terminal 1,16/09/2024,03:50,14:00,16/09/2024
Annabelle Foster,100637,Terminal 1,15/09/2024,03:50,14:00,15/09/2024
Annabelle Foster,100637,Terminal 1,16/09/2024,03:50,14:00,16/09/2024
Brody Davis,100638,Terminal 1,15/09/2024,03:20,13:00,15/09/2024
Brody Davis,100638,Terminal 1,16/09/2024,03:20,13:00,16/09/2024
Brody Davis,100638,Terminal 1,17/09/2024,03:20,12:30,17/09/2024
Cooper Brown,100639,Terminal 1,15/09/2024,13:50,22:00,15/09/2024
Ethan Lewis,100640,Terminal 1,15/09/2024,03:50,14:00,15/09/2024
Grace Johnson,100641,Terminal 1,16/09/2024,08:50,18:00,16/09/2024
Grace Johnson,100641,Terminal 1,17/09/2024,09:50,18:00,17/09/2024
Harrison Davis,100642,Terminal 2,15/09/2024,03:50,14:00,15/09/2024
Inez Scott,100643,Terminal 1,17/09/2024,13:50,23:00,17/09/2024
Jade Lewis,100644,Terminal 1,15/09/2024,03:50,14:00,15/09/2024
Jade Lewis,100644,Terminal 1,16/09/2024,03:50,14:00,16/09/2024
Jade Lewis,100644,Terminal 1,17/09/2024,03:50,14:00,17/09/2024
Kelsey Brown,100645,Terminal 1,17/09/2024,13:50,22:00,17/09/2024
Levi Scott,100646,Terminal 1,14/09/2024,20:50,07:00,15/09/2024
Levi Scott,100646,Terminal 1,15/09/2024,20:50,07:00,16/09/2024
Mia Foster,100647,Terminal 2,15/09/2024,08:50,19:00,15/09/2024
Mia Foster,100647,Terminal 2,16/09/2024,08:50,19:00,16/09/2024
Mia Foster,100647,Terminal 2,17/09/2024,08:50,19:00,17/09/2024
Noah Johnson,100648,Terminal 1,17/09/2024,13:50,23:00,17/09/2024
Oliver Brown,100649,Terminal 2,16/09/2024,03:50,10:00,16/09/2024
Piper Davis,100650,Terminal 1,15/09/2024,03:50,13:30,15/09/2024
Piper Davis,100650,Terminal 1,16/09/2024,03:50,13:30,16/09/2024
Quinn Scott,100651,Terminal 1,16/09/2024,12:50,19:00,16/09/2024
Quinn Scott,100651,Terminal 1,17/09/2024,12:50,19:00,17/09/2024
Ronan Johnson,100652,Terminal 1,15/09/2024,03:50,12:00,15/09/2024
Ronan Johnson,100652,Terminal 1,16/09/2024,03:50,14:00,16/09/2024
Ronan Johnson,100652,Terminal 1,17/09/2024,03:50,14:00,17/09/2024
Stella Brown,100653,Terminal 1,16/09/2024,20:00,07:00,17/09/2024
Stella Brown,100653,Terminal 1,17/09/2024,20:00,07:00,18/09/2024
Toby Lewis,100654,Terminal 2,15/09/2024,05:00,17:00,15/09/2024
Vanessa White,100655,Terminal 1,16/09/2024,03:50,13:30,16/09/2024
Vanessa White,100655,Terminal 1,17/09/2024,03:50,13:30,17/09/2024
Willa Brown,100656,Terminal 2,14/09/2024,18:50,07:00,15/09/2024
Willa Brown,100656,Terminal 2,15/09/2024,18:50,07:00,16/09/2024
Willa Brown,100656,Terminal 2,16/09/2024,18:50,07:00,17/09/2024
Xavier Johnson,100657,Terminal 1,16/09/2024,13:50,20:00,16/09/2024
Xavier Johnson,100657,Terminal 1,17/09/2024,13:50,20:00,17/09/2024
Yara Davis,100658,Terminal 1,17/09/2024,05:50,17:00,17/09/2024
Zoe Scott,100659,Terminal 1,15/09/2024,07:50,18:00,15/09/2024
Zoe Scott,100659,Terminal 1,16/09/2024,07:50,18:00,16/09/2024
Abel Johnson,100660,Terminal 2,16/09/2024,03:50,13:30,16/09/2024
Abel Johnson,100660,Terminal 2,17/09/2024,04:50,14:30,17/09/2024
Braxton Brown,100661,Terminal 1,15/09/2024,06:50,18:00,15/09/2024
Casey White,100662,Terminal 1,15/09/2024,03:20,11:30,15/09/2024
Dylan Scott,100663,Terminal 1,16/09/2024,03:50,12:00,16/09/2024
Dylan Scott,100663,Terminal 1,17/09/2024,03:50,14:00,17/09/2024
Ezra Lewis,100664,Terminal 1,16/09/2024,07:00,16:00,16/09/2024
Ezra Lewis,100664,Terminal 1,17/09/2024,07:00,16:00,17/09/2024
Felix Johnson,100665,Terminal 1,15/09/2024,03:50,12:00,15/09/2024
Gia Brown,100666,Terminal 1,15/09/2024,03:50,13:30,15/09/2024
Gia Brown,100666,Terminal 1,16/09/2024,03:50,13:30,16/09/2024
Hazel Scott,100667,Terminal 1,16/09/2024,12:50,22:00,16/09/2024
Hazel Scott,100667,Terminal 1,17/09/2024,12:50,22:00,17/09/2024
Isla White,100668,Terminal 1,16/09/2024,12:50,22:00,16/09/2024
Isla White,100668,Terminal 1,17/09/2024,12:50,22:00,17/09/2024
Jasper Brown,100669,Terminal 2,14/09/2024,18:50,07:00,15/09/2024
Jasper Brown,100669,Terminal 2,15/09/2024,18:50,07:00,16/09/2024
Jasper Brown,100669,Terminal 2,16/09/2024,18:50,07:00,17/09/2024
Jasper Brown,100669,Terminal 2,17/09/2024,18:50,07:00,18/09/2024
Kaden Lewis,100670,Terminal 1,16/09/2024,04:50,15:00,16/09/2024
Kaden Lewis,100670,Terminal 1,17/09/2024,04:50,15:00,17/09/2024
Leo Johnson,100671,Terminal 1,15/09/2024,07:50,18:00,15/09/2024
Leo Johnson,100671,Terminal 1,16/09/2024,07:50,18:00,16/09/2024
Leo Johnson,100671,Terminal 1,17/09/2024,07:50,18:00,17/09/2024
Zoe Spencer,100672,Terminal 1,15/09/2024,13:50,21:00,15/09/2024
